source,author,date_relative,comment_text,likes,reply_count
YouTube (Why Everyone Is Leaving Spotify - thread 1),mattyballz,7 months ago,what streaming service do you guys use? i like apple music but youtube music is clutch for those unreleased songs haha,1.2K,193 replies
YouTube (Why Everyone Is Leaving Spotify - thread 1),internettrash5120,7 months ago (edited),spotify still hasn't fixed their shuffle. I'm tempted to remove songs off my playlists because shuffle overplays them that it gets annoying to listen to,8.3K,209 replies
YouTube (Why Everyone Is Leaving Spotify - thread 1),vq_isaac,7 months ago,There will be days where my Spotify shuffles my playlist in the same exact order,1.6K,14 replies
YouTube (Why Everyone Is Leaving Spotify - thread 1),Zonder69,7 months ago,"Soundcloud is aware of people leaving Spotify and they allow you to transfer your playlists to soundcloud, thank god",6K,74 replies
YouTube (Why Everyone Is Leaving Spotify - thread 1),komodofren,2 months ago,What Spotify did to their free users is a genuine warcrime,15,
YouTube (Why Everyone Is Leaving Spotify - thread 1),aDeprivedSeal,7 months ago,"I love having dozens of songs that ""arent available in my region"" but also not being able to remove those songs, and my shuffle giving me the exact same shuffle every time,",2.8K,12 replies
YouTube (Why Everyone Is Leaving Spotify - thread 1),r4zzbrry,7 months ago,"The shuffle is atrocious. Not only does it overplay songs, sometimes it just starts playing songs that aren't even from your playlist 😭",2.7K,40 replies
YouTube (Why Everyone Is Leaving Spotify - thread 1),gagato92,7 months ago,I have 1472 songs and i can attest that the same 20 play,1.6K,10 replies
YouTube (Why Everyone Is Leaving Spotify - thread 1),Hardcore_Wizard,6 months ago,"It's the shuffle. I've got a playlist with 500 or so songs and I shuffle it daily walking to work, I scrolled through it recently and found songs I genuinely haven't heard in several months, got the whole playlist downloaded too, really does feel like there's some conspiracy where certain bands/artists get preferential treatment in the shuffle.",153,2 replies
YouTube (Why Everyone Is Leaving Spotify - thread 1),haogaboon,7 months ago,"As a youtube music user, I couldn't care less about spotify's downfall.",2.4K,56 replies
YouTube (Why Everyone Is Leaving Spotify - thread 1),shy_account_uwu,7 months ago,"if you are using spotify without premium , you  might as well not use it 😭😭🙏🙏",1.1K,28 replies
YouTube (Why Everyone Is Leaving Spotify - thread 1),hxhfangirl2005,7 months ago,youtube music WAS better until they started telling me i wasnt old enough to listen to death grips because i refuse to show a streaming service my id,440,9 replies
YouTube (Why Everyone Is Leaving Spotify - thread 1),Mommyilovepdiddy,4 months ago,I big thing i hate about spotify is they are putting to much restrictions for spotify free. Like they removed the back button next play in order and suffle and finally limited song clicks. Like damn bro i am not ur babysitter spotify💀. I rather use youtube music instead or play 10 dollars monthly just to listen music.,30,2 replies
YouTube (Why Everyone Is Leaving Spotify - thread 1),therealbacteria,7 months ago,Mp3 users: 🗿,823,21 replies
YouTube (Why Everyone Is Leaving Spotify - thread 1),abbskebabs6288,7 months ago,Honestly the only thing keeping me on Spotify is all the playlists I created myself. I really don't want to painstakingly remake all those playlists,956,27 replies
YouTube (Why Everyone Is Leaving Spotify - thread 1),enbydeadly,7 months ago,I've bought myself an MP3 player and I'm buying albums off bandcamp now I think I've given some artists more money in the past week buying their albums off bandcamp than I ever did in a decade of using Spotify.,1.2K,37 replies
YouTube (Why Everyone Is Leaving Spotify - thread 1),gameinattic7046,4 months ago,I will happily pay the bands making the music. Not a corporation controlling them.,6,
YouTube (Why Everyone Is Leaving Spotify - thread 1),writerartist6306,7 months ago,"Feeling so validated that I listen to music on YouTube, lol. And people post underground/unofficial releases from artists so it's not as limiting as only listening to music from the labels.",864,12 replies
YouTube (Why Everyone Is Leaving Spotify - thread 1),carsoncox4753,7 months ago,the shuffle on spotify is atrocious… ruined so many songs for me because its all it would play,235,3 replies
YouTube (Why Everyone Is Leaving Spotify - thread 1),JesseLeeSmith,7 months ago,Finally got all my stuff off Spotify. Not that anyone was listening; but I kept getting my stuff removed and it cost me to get it back up.,167,3 replies
YouTube (Why Everyone Is Leaving Spotify - thread 1),Draslyn,6 months ago (edited),"7:25 I despise the fact that a lot of songs these days lose the ability to have any meaningful buildup because they have to grab the attention of people who just, dont understand that music isnt necessarily good because its instantly flashy and goes into the chorus immediately. Same reason Anime that have more depth and dont just do a bunch of flashy stuff arent doing as good anymore, since people just want ""oh my god that fight scene is so cool"" instead of more thought provoking story, character development and leaving you with things to think about",35,6 replies
YouTube (Why Everyone Is Leaving Spotify - thread 1),Sirgoofinshmirtz,7 months ago,When the Drake and Kendrick stuff went on I swear my shuffle kept pushing drake songs from his first few albums. Like 'hey remember the good times we had',440,
YouTube (Why Everyone Is Leaving Spotify - thread 1),ExarchGaming,7 months ago,"you say it like this matty. ""ray·kyuh·vik""",379,3 replies
YouTube (Why Everyone Is Leaving Spotify - thread 1),JaitheKai,7 months ago,I still get emails from Spotify asking me to rethink coming back,160,4 replies
YouTube (Why Everyone Is Leaving Spotify - thread 1),S1LENCE-f6l,1 month ago,I was listening to some music on spotify and immediately after the song it was playing an ad.normal right?(I don't have premium) but when I ready how many ads it was….. it was 7 ads and each ad is 30 seconds long . And Spotify doesn't even let me play songs ON MY OWN PERSONAL PLAYLISTS. Gosh. Spotify sucks.🤦‍♀️👎,2,
YouTube (Why Everyone Is Leaving Spotify - thread 1),aaronscrewface,7 months ago (edited),09:42 Oh that's easy. It's pronounced Reykjavik.,200,8 replies
YouTube (Why Everyone Is Leaving Spotify - thread 1),LadyTakahashi,7 months ago,"Spotify is a money hungry platform, that's why.",588,13 replies
YouTube (Why Everyone Is Leaving Spotify - thread 1),viswajithv.s411,7 months ago,"Ironically enough, I got an Spotify ad mid video,😂",76,
YouTube (Why Everyone Is Leaving Spotify - thread 1),Anwarkhouali,7 months ago,It's kind of crazy how Spotify's problems have pushed me to find better ways to promote my stuff. Rumora's been a great fit for helping me connect with people who actually care.,50,
YouTube (Why Everyone Is Leaving Spotify - thread 1),todddouglas7231,7 months ago,"I haven't yet left Spotify, but I might be getting there sometime in the near future. I have a decade's worth of over 100 carefully curated playlists, including one that is a timeline of my life in music form; all music I've ever listened to put in the exact order it came to me throughout my life. I know it sounds silly, but it means alot to me to see the dates I added them to the playlist on the side; seeing 'added dec 2014' feels monumental to me. All that being said, alot of artists I love have left the platform, most recently the black metal band Panopticon, and if more continue to do so it might push me away officially.",223,18 replies
YouTube (Why Everyone Is Leaving Spotify - thread 1),furveus,7 months ago (edited),"Taking down our music after we got playlisted by an AI scam company that we even reported and never submitted anything to, was certainly a big reason we dislike spotify. Oh and btw, each takedown costs YOU money. So you have to pay spotify for getting botted unconsensually and lose your music off of SP's.",277,7 replies
YouTube (Why Everyone Is Leaving Spotify - thread 1),eyetyger,7 months ago (edited),i quit listening because my dad got me and my sister youtube music premium 😭,362,20 replies
YouTube (Why Everyone Is Leaving Spotify - thread 1),KRAMITDFROG,7 months ago,"What's stupid about the idea of playing in the background is that's exactly what people did with radio.  So, why did they change everything again?",6,
YouTube (Why Everyone Is Leaving Spotify - thread 1),gregbleakleyproductions,7 months ago,I hate giving Google credit when it comes to YouTube. But YouTube music has gotten astronomically better compared to Spotify and the overall subscription is cheaper.,260,17 replies
YouTube (Why Everyone Is Leaving Spotify - thread 1),EStarstruck,7 months ago,lossless audio update was them trying to be like NO PLEASE DONT GO! LOOK! FLACS!! YOU LOOOOOVE FLACS AND BPMS RIGHT?,24,
YouTube (Why Everyone Is Leaving Spotify - thread 1),Shinotheblackcat,7 months ago,"There is a reason why Björk says, ""spotify is probably the worst thing that has happened to musicians""",86,4 replies
YouTube (Why Everyone Is Leaving Spotify - thread 1),stoneinrock,7 months ago,"the one thing with spotify, is that 1. they allow artist with major label deal get an automatic surfacing, curated playlist, editorial listing. i have advisor confess this in my conversations. 2. they also do stream masking i have proof of this when i upload a track and it took off on youtube getting 150+ views with a retention rate very high, under 2 days, but spotify was showing zero across the board. when i show this within next day the stats showed like 60+ listeners or streams, but all from netherlands, i.e. masking streams.",4,
YouTube (Why Everyone Is Leaving Spotify - thread 1),Edensmajesty,7 months ago,I'm a small artist. I create electronic music. YouTube is definitely my app of choice for posting my music. Stuff just gets lost in the blackhole of Spotify. My audience and views have always been better on YouTube!,92,1 reply
YouTube (Why Everyone Is Leaving Spotify - thread 1),elmitudou,7 months ago,I'm a programmer and spotify uses 5x more CPU than my whole codebase even with no songs playing. easily the quickest I've uninstalled an app 🥀,244,10 replies
YouTube (Why Everyone Is Leaving Spotify - thread 1),MAFunnyVideo.,7 months ago,"I've been promoting my music through Rumora, and honestly, it's refreshing to see real engagement instead of the typical ad nonsense. Spotify's issues just made me realize how important that is.",50,
YouTube (Why Everyone Is Leaving Spotify - thread 1),ThommySilenceOfficial,6 months ago,Spotify has become the pure Evil,3,
YouTube (Why Everyone Is Leaving Spotify - thread 1),iamthenews5624,7 months ago,3:46 How was that legal?,20,
YouTube (Why Everyone Is Leaving Spotify - thread 1),1dravengraves3,7 months ago,I'm getting sick of songs and albums coming up as a new release and it's not even from the band. Then there's no way to report it all you can do is choose not to play again,101,
YouTube (Why Everyone Is Leaving Spotify - thread 1),errantvice7335,7 months ago,It's pronounced Ray-kyah-vick,23,
YouTube (Why Everyone Is Leaving Spotify - thread 1),MiltonGrande7,5 months ago,9:18 what the? I'm Swedish and I've never ever heard of this source 😅,3,
YouTube (Why Everyone Is Leaving Spotify - thread 1),g6_diep,7 months ago,i noticed they just recently made it to where u can pick and choose what songs u listen to without subscription lol,33,3 replies
YouTube (Why Everyone Is Leaving Spotify - thread 1),PrimYuvia,7 months ago,I just wanna announce that I've cancelled my Spotify subscription after a month and went back to my baby YouTube Music with premium. Never should have took her for granted.,146,9 replies
YouTube (Why Everyone Is Leaving Spotify - thread 1),HaleylikesSKZ_19,4 months ago,The one thing that always bugged me aboout Spotify was the way the way you search for songs on phone was way different on like computer or something it was so much easier it makes me feel like I can't pick out what song i actually want to listen to,3,
YouTube (Why Everyone Is Leaving Spotify - thread 1),silkykyle,7 months ago,"Yt premium comes with YTmusic. I got rid of Spotify a while ago. Shit has more music, and no ads on yt is worth it. This isn't an ad, i just truly enjoy that shit",147,5 replies
YouTube (Why Everyone Is Leaving Spotify - thread 1),btk.1207,7 months ago,"I just use YouTube premium for everything. It's under rated bc you can find pretty much any song ever. You can make playlists, no ads, find lyric videos, close your phone and still listen, skip songs etc. Pretty much like any platform but you also get regular YouTube ad free.",129,4 replies
YouTube (Why Everyone Is Leaving Spotify - thread 1),s0biektywnie,7 months ago,"YouTube will go down as well. Screw those ads, especially on music videos",138,10 replies
YouTube (Why Everyone Is Leaving Spotify - thread 1),christman2008,7 months ago,3:20 She owns her masters so I think she's more around 60-70%. Plus she was already huge when she signed her current contract so she's likely to have more favorable cuts,23,1 reply
YouTube (Why Everyone Is Leaving Spotify - thread 1),JayTeeAyy,7 months ago,"What a world, they using AI, to crack down on AI",13,1 reply
YouTube (Why Everyone Is Leaving Spotify - thread 1),writerartist6306,7 months ago,"15:00 I'm not surprised that it's so easy to upload music under someone else's name, especially AI crap. There have been a number of times that I look for artists (not on Spotify) and other random artists/bands will have the same name. I have to search through the weeds to find music from the actual artist I'm looking for and they often combine the wrong albums under the wrong artists as well.",55,1 reply
YouTube (Why Everyone Is Leaving Spotify - thread 1),Casper_Theghost14,7 months ago,"15:27 I've notice something like this on Apple Music too, there were some ai songs posted on the Kpop demon hunters and Saja boys profiles",48,
YouTube (Why Everyone Is Leaving Spotify - thread 1),kbuuns,7 months ago,"I was listening to King Von and a song I didn't recognize started playing and the dude was dissing Von and his friends. They kept the song title the same and changed the artwork. A couple other times Travis Scott songs were replaced with some sorta of synth instrumental. And my playlists are always trying to play ""recommended for you"" while on shuffle even when smart playlist is turned off.",16,
YouTube (Why Everyone Is Leaving Spotify - thread 1),LuisAngel0214,7 months ago,This is where YouTube should step up with YouTube music,68,4 replies
YouTube (Why Everyone Is Leaving Spotify - thread 1),PuffinPass,7 months ago,"Spotify has always been trash. Their algorithm doesn't actually give you new related music in the style of the current channel, the shuffle has been broken forever. I can't say I have ever had Spotify recimmend an artist or song that has actually been new to me. What they have done is put Sabrina Carpenter in the middle of a Wu Tang playlist. I doubt Pandoras business practices are much better but at least I actually get new to me artists and songs that relate to my current channel.",114,3 replies
YouTube (Why Everyone Is Leaving Spotify - thread 1),Microslop26,7 months ago,"You missed the biggest issue with Spotify bro..the playlist. Say you have a playlist that's years old, has 700+ songs on it, have you ever noticed shuffling the playlist only plays the same damn songs somehow? The same like 100 or so songs? Yeah because that's what they do. They only play up to like 150 songs out of the entire playlist and it's based on overall listen amounts, how consistently a song is chosen to play, and a few other rather irrelevant when shuffling stats. If I'm paying monthly for a service and am led to believe I'm getting access to use everything fully as the app is implying then one would think ""shuffle"" means every song on the playlist has equals chances to be the next song played…not the case. ""Shuffle"" to them means they'll select 150 of your not favorite songs based off unknown criteria and that's your only option unless you wanna use their ""special shuffle"" where they add a few suggested by them songs to your preselected 150 songs.",16,1 reply
YouTube (Why Everyone Is Leaving Spotify - thread 1),theboi7859,7 months ago,The obvious answer is to all start using SoundCloud again,243,16 replies
YouTube (Why Everyone Is Leaving Spotify - thread 1),AdithyaM-c3k,2 months ago,This app just pmo this doesn't let me pick songs and  number of ads has increased,1,
YouTube (Why Everyone Is Leaving Spotify - thread 1),MahitosSubmissiveToy,7 months ago,2:24 that statement would not be true for artists like A$AP Rocky and Frank ocean who have fans waiting for almost a decade for a new album.,11,3 replies
YouTube (Why Everyone Is Leaving Spotify - thread 1),CaptainBarb-jz4us,7 months ago (edited),"I used to use Spotify because it was a good way to find underground artists for genres like folk metal and power metal. I would start a song radio from a song I liked, and that would lead me to other underground or not well-known artists/songs, which is why my playlist was big. Now, if I click ""start a song radio,"" it doesn't optimize to the song being played and instead adds other genres or artists that I am not in the mood to listen to. For example, if I'm listening to Iron Maiden, I don't want Cannibal Corpse. It doesn't fit the vibe... I've switched to Deezer and enjoyed the experience and better audio",6,
YouTube (Why Everyone Is Leaving Spotify - thread 1),HarmoniousThemeParks0221,7 months ago,"one of my favorite bands, King Gizzard and the Wizard Lizard (yes that's their actual name) leave and hearing this, i can understand why they chose to",13,3 replies
YouTube (Why Everyone Is Leaving Spotify - thread 1),vgpatman9728,6 months ago,I just left them yesterday for Apple Music transferring all my playlists was easy,2,
YouTube (Why Everyone Is Leaving Spotify - thread 1),aktcwashere,7 months ago,"My youtube pays me way more than spotify, granted i dont get many streams anyway. Seems its all built around soliciting people to put you on playlists, youtube in my experience at least has a chance to randomly gain traction beyond your subs.",109,2 replies
YouTube (Why Everyone Is Leaving Spotify - thread 1),Verdoux007,7 months ago,"I tried YouTube Music as an alternative to Spotify, but it was missing some albums that Spotify had, and the music playlists ended up cluttering my video playlist list. After the free trial ended, I came back to Spotify. Unfortunately, it just works.",17,2 replies
YouTube (Why Everyone Is Leaving Spotify - thread 1),AriesDog,7 months ago,"Apple Music, as part of the Apple One bundle, is a great value.",50,
YouTube (Why Everyone Is Leaving Spotify - thread 1),alexeitarasenco5308,7 months ago,Dude I dont want to change from Spotify in my car tho😢,16,4 replies
YouTube (Why Everyone Is Leaving Spotify - thread 1),fratt41,3 months ago,"Dude, Candy-O right off the shelf!",,
YouTube (Why Everyone Is Leaving Spotify - thread 1),omgitceejay,7 months ago,"I don't use Spotify anymore. I buy my music physically or on iTunes as a purchase, not Apple Music.",4,
YouTube (Why Everyone Is Leaving Spotify - thread 1),Byronblair3730,7 months ago,Leaving after wrapped comes out in a couple weeks ✌🏼,50,4 replies
YouTube (Why Everyone Is Leaving Spotify - thread 1),Disc_11,7 months ago,"7:30 I think the song ""Time"" by PinkFloyd is a little bit better of an example. The song is damn phenomenal but if you don't care to listen to the almost 2 min intro of clocks chiming, you might just skip it lmao",41,4 replies
YouTube (Why Everyone Is Leaving Spotify - thread 1),Saiphooner,1 month ago,I dont understand how to get rid off the feature that IT PLAYS randomly a damn similar song instead of the playlist song,1,
YouTube (Why Everyone Is Leaving Spotify - thread 1),BlueStarVisuals,7 months ago,Tbh I rather just stick to sound cloud cause I enjoy the quality and the inde artist they tend to have bangers and the music doesn't disappear like Spotify and YouTube,6,1 reply
YouTube (Why Everyone Is Leaving Spotify - thread 1),KamixVlog3,7 months ago,"After canceling my Spotify, I found Rumora for my music marketing. It's great to see my stuff getting attention through real comments that actually resonate with people.",21,
YouTube (Why Everyone Is Leaving Spotify - thread 1),Vibenwjay,7 months ago,Matty Mondays back to back big luv matt btw looking forward to the velvet sundowns vid❤😂,9,
YouTube (Why Everyone Is Leaving Spotify - thread 1),4Evelynzzz,6 months ago,YT MUSIC IS THE GOAT 🐐,2,
YouTube (Why Everyone Is Leaving Spotify - thread 1),KCDWolf,7 months ago,"This is news to me honestly... I'm happy with the service and way too deep into the Spotify ecosystem, my playlists/ listening history to ever consider switching, especially when the vast majority of artists are staying put.",36,3 replies
YouTube (Why Everyone Is Leaving Spotify - thread 1),Kaimax61,7 months ago,"I was subbed to Spotify, then I realized that Youtube music also has the same songs that I was looking for, AND I can still put ""bootlegs"" into a playlist, besides getting the obvious perks for watching videos on youtube. So, I just moved to Youtube premium.",42,1 reply
YouTube (Why Everyone Is Leaving Spotify - thread 1),OttoTalksAi,7 months ago,Ai music has taken over Spotify!,93,5 replies
YouTube (Why Everyone Is Leaving Spotify - thread 1),_Habsburg_,4 months ago,It's pronounced like Rake-Ya-Vik,1,
YouTube (Why Everyone Is Leaving Spotify - thread 1),djradish4,7 months ago (edited),I went to Deezer. But YT Music is great for unreleased songs and all that,44,
YouTube (Why Everyone Is Leaving Spotify - thread 1),deepisaddictedtoyt,6 months ago,"Left Spotify yesterday although my subscription end on 28th December. I'm from India, here Spotify lossless recently launched and costs ₹299 per month whereas Apple Music costs ₹119 per month for the equivalent service, i just couldn't justify staying with Spotify anymore, after 6 long years I've left Spotify. Btw, i tried using yt music but it wasn't at par with these two services.",3,
YouTube (Why Everyone Is Leaving Spotify - thread 1),FormerlyMrdelulu016,7 months ago,W vid as per usual,8,
YouTube (Why Everyone Is Leaving Spotify - thread 1),Soul-exist,4 months ago,"to be honest i rarely used spotify, even if i use them it because i want to listen song that i found interest and then download them because it more convenient than listening with sudden ads break",1,
YouTube (Why Everyone Is Leaving Spotify - thread 1),CREATOR_OF_NISHI,7 months ago,I have idea to build new system to pay artists more but the problem is I have no idea about legal side of music if anyone can help...😊,5,1 reply
YouTube (Why Everyone Is Leaving Spotify - thread 1),sean_got_youyt2633,7 months ago,Cool stuff,5,
YouTube (Why Everyone Is Leaving Spotify - thread 1),Thedoorslover700,6 months ago (edited),"No, i just noticed the low quality. The end of hatsune miku seems like it was filmed on a toaster, polargeist sounds wrong, tetoris sounds squeaky for some reason and i could keep going!",1,
YouTube (Why Everyone Is Leaving Spotify - thread 1),Sci-Fi_Freak_YT,7 months ago,"Switched to YouTube music about a year ago, no regrets.",20,
YouTube (Why Everyone Is Leaving Spotify - thread 1),conglomeratehq,7 months ago,5:08 not failed attempt.,7,1 reply
YouTube (Why Everyone Is Leaving Spotify - thread 1),Soap_kat,7 months ago,It's gonna be hell to move to other platforms omg 💔,43,3 replies
YouTube (Why Everyone Is Leaving Spotify - thread 1),Floww_GameOverr,5 months ago,Baila Reggaeton is much bigger than gold school and most necessary combined,1,
YouTube (Why Everyone Is Leaving Spotify - thread 1),Bns_eric2002,7 months ago,Love my SoundCloud!! Spotify don't got a lot of unreleased stuff either,14,1 reply
YouTube (Why Everyone Is Leaving Spotify - thread 1),rickandmortydaily0,7 months ago,"lol I like Spotify but honestly, I just use YouTube Music because no lie on YouTube music. The sound is more louder. I don't know if that's just me but I like YouTube Music more",5,1 reply
YouTube (Why Everyone Is Leaving Spotify - thread 1),Arc980,7 months ago,Honestly my switch from Spotify to Tidal was such a breath of fresh air,29,1 reply
YouTube (Why Everyone Is Leaving Spotify - thread 1),legbacola1414,6 months ago,"""Expensive listening equipment"".😅 oh you children.",1,
YouTube (Why Everyone Is Leaving Spotify - thread 1),thekivster,6 months ago,Israel does not use Helsing's technology. Ukraine is the main country which uses it.,4,1 reply
YouTube (Why Everyone Is Leaving Spotify - thread 1),BlueBleach91,7 months ago,0:41 cause it sucks,138,12 replies
YouTube (Why Everyone Is Leaving Spotify - thread 1),IsabellaJuliette,7 months ago,Plus they just raised their monthly fee like Disney+,6,2 replies
YouTube (Why Everyone Is Leaving Spotify - thread 1),TheButtonMasherYT,2 months ago,"I left Spotify 6 years ago, you see I'm not crazy, I'm just ahead of the curve.",1,
YouTube (Why Everyone Is Leaving Spotify - thread 1),smj7773,7 months ago,what's going on at 3:53?,6,3 replies
YouTube (Why Everyone Is Leaving Spotify - thread 1),Leebaddii,7 months ago (edited),"As an artist myself it's fustrating that my music is constantly Shadowbanned & the way the algorithm works Spotify almost never gives Underground artist with a smaller platform a chance to shine. My music has been hidden for like the past 2years. You put in so much work to barely get 1,000 streams/monthly listeners. Even the fact that they made ""monthly listeners"" a competition can be discouraging as a Smaller Artist. & we not gone get started on how the pay sucks, can't even get 50 cents or a $1 per stream, there's no money in it if you not getting MILLIONS of streams per month or a Huge mainstream artist",5,1 reply
YouTube (Why Everyone Is Leaving Spotify - thread 1),WilliamNEO999,7 months ago,In depth content as always brodie 🙏,4,
YouTube (Why Everyone Is Leaving Spotify - thread 1),AntoniSantana-f9i,7 months ago,Lime wire frost wire where sow simple..... And early YouTube just saying,1,
YouTube (Why Everyone Is Leaving Spotify - thread 1),Ricksjelly,7 months ago,I didn't know a single one of those ppl leaving Spotify lol,45,4 replies
YouTube (Why Everyone Is Leaving Spotify - thread 1),DrumzGalore,7 months ago,Had my biggest song thus far taken down because it was in one of those botted playlists that I had nothing to do with nor was I aware the song was in any playlists. They dont even give you the playlists names or any info or respond to your messages .They just take your shit down no questions asked.,9,
YouTube (Why Everyone Is Leaving Spotify - thread 1),Iainmaclennan70,7 months ago,"I don't stream anything! I buy CD's, DVD's and Blu-ray's. F streaming!!",3,1 reply
YouTube (Why Everyone Is Leaving Spotify - thread 1),BusinessAutopsyYT,3 weeks ago,This was one of the best breakdowns I've seen about Spotify. The fake artist/AI music section was honestly insane. It really feels like music is becoming background algorithm content instead of actual art. Great research and editing.,,
YouTube (Why Everyone Is Leaving Spotify - thread 1),veilscarecrow,7 months ago,"I might be in the minority, but I've never had a Spotify subscription.",36,6 replies
YouTube (Why Everyone Is Leaving Spotify - thread 1),K-2MAR0,7 months ago,Is there a better source? Bc I don't rlly care about learning new music from Spotify I just want to listen to the artists I like…,12,3 replies
YouTube (Why Everyone Is Leaving Spotify - thread 1),bereketsibhat9412,7 months ago,YouTube Music is up there I'm surprised if it doesn't replace Spotify,8,3 replies
YouTube (Why Everyone Is Leaving Spotify - thread 1),debmallyaghosh2944,6 months ago,"Started with ads playing every other 2 or 3 song , then the annoying smart shuffle not being able to play your playlist ( like whats even the use of having one without premium then ) , then not being able to skip to the part of song you want , not being able to skip songs , the finally NOT BEING ABLE TO SELECT THE MUSIC YOU WANT LISTEN TO TO LIKE SERIOUSLY?? Whats even the point if i cant select the song i want to hear on a freaking MUSIC APP . The problems aren't gone yet , we were just provided some few turns to be able to such certain features and thats it . Truly outrageous.",1,
YouTube (Why Everyone Is Leaving Spotify - thread 1),MINGH_LEE_BLUE,7 months ago,Well we should all use SoundCloud and Bandcamp which is also a good option. Imagine SoundCloud era comes back that would be way better,9,1 reply
YouTube (Why Everyone Is Leaving Spotify - thread 1),aligameov3r,7 months ago,I used the cracked version of Spotify on android and since that doesn't work anymore I just pirate the video game soundtracks I wana listen to on my psp,8,
YouTube (Why Everyone Is Leaving Spotify - thread 1),NonBinary_Star,7 months ago (edited),"i hate Spotify for so many reasons. this has been a long time coming. does anyone know if you can transfer playlists (or metadata) from Spotify to Apple, YT Music etc???",7,1 reply
YouTube (Why Everyone Is Leaving Spotify - thread 1),keithbambery8496,7 months ago,I switched to Tidal 6 months ago. Tidal just sounds so very much less compressed and way way better.,1,
YouTube (Why Everyone Is Leaving Spotify - thread 1),TheLokoCams,7 months ago,I've had 0 issues with Spotify.,14,8 replies
YouTube (Why Everyone Is Leaving Spotify - thread 1),osydney_,7 months ago,"my family and i made the switch to apple music at the beginning of the year and honestly i regret nothing. the algorithm is simply so much better, the audio quality is better as well. also why tf don't free users get an option to search? that's wild",8,
YouTube (Why Everyone Is Leaving Spotify - thread 1),pistolp8037,7 months ago,"Never liked Spotify. I've always used YouTube Music, as it has more music and better recommendations based on your playlists. Not only this, but YouTube Music also has a lot of foreign music I listen to, especially: Macedonian Music, Vietnamese Music (VPop), Greek Music, Bulgarian Music, Mandarin Music, et cetera. PLUS you get all the music videos on YouTube Music.",3,1 reply
YouTube (Why Everyone Is Leaving Spotify - thread 1),RayHanson-j5t,1 month ago,Crunchyroll but for music,1,
YouTube (Why Everyone Is Leaving Spotify - thread 1),WDKYBand,7 months ago,"I removed all my music from Spotify about a month ago - the only song I left on there was my new song called ""Can You Spot-If-I Value My Soul?"". You can guess what that song is about...",11,
YouTube (Why Everyone Is Leaving Spotify - thread 1),scandalous6182,7 months ago,"No, but imagine leaving Spotify to go to Apple Music and then you go to your playback and equalizer and you can't fucking do that because it's not a thing",9,3 replies
YouTube (Why Everyone Is Leaving Spotify - thread 1),OfficialWEIRD,7 months ago,"Speak for yourself, I'm still using Spotify",19,1 reply
YouTube (Why Everyone Is Leaving Spotify - thread 1),dchh11,6 months ago,They are running ads to recruit ICE. I know a lot of people who left the moment they found out about this. Im considering as well.,1,
YouTube (Why Everyone Is Leaving Spotify - thread 1),misterjuro,7 months ago,FCVK Spotify.  They're CROOKED,5,
YouTube (Why Everyone Is Leaving Spotify - thread 1),PROTOTYPET2,7 months ago,Apple Music lowk too underrated,8,
YouTube (Why Everyone Is Leaving Spotify - thread 1),justahuman2233,7 months ago,It sucks but I already made all my playlists on spotify so I am kinda trapped :(,7,
YouTube (Why Everyone Is Leaving Spotify - thread 1),OP_ONE_LIKE_GAMING_2.0,7 months ago,"this hits different, ive been thinking about switching",,
YouTube (Why Everyone Is Leaving Spotify - thread 1),BrogodHuncho,7 months ago,"Ain't no way in hell I'm paying $20 a month and can't add more than 9,995 songs to a playlist",15,
YouTube (Why Everyone Is Leaving Spotify - thread 1),AlanCollazo-xw2vx,7 months ago,Is because they added a ice add to support them,10,4 replies
YouTube (Why Everyone Is Leaving Spotify - thread 1),nickstille6388,7 months ago,Spotify is not going anywhere.. but ignorance is bliss i guess,7,1 reply
YouTube (Why Everyone Is Leaving Spotify - thread 1),jervoncolefarris1616,4 months ago,I love reading y'all's issues with Spotify. Me personally I haven't had any problems. The shuffles for me are wonderful,3,
YouTube (Why Everyone Is Leaving Spotify - thread 1),GalaxySpiral-v5u,7 months ago,5:32 67?,4,
YouTube (Why Everyone Is Leaving Spotify - thread 1),movofoka,7 months ago,i dont give my music to an app who will disapear one day...i buy only physical albums and dont pay for digital copies. spotify is an enemy of my liberty and my taste so i BOYCOTT them since they exist. i enjoy my music and spotify get NOTHING for it.,5,1 reply
YouTube (Why Everyone Is Leaving Spotify - thread 1),AaimaAbid,1 month ago,There was a artist I just found a month ago watching this video I was curious to see if he was actually a real person as he has no good description and when I searched it  he was actually AI,,
YouTube (Why Everyone Is Leaving Spotify - thread 1),IloveKhAscho,7 months ago,"Nah.. Spotify support Ukraine and the CEO donated in the project that helps Ukraine, im never leaving this service.",5,
YouTube (Why Everyone Is Leaving Spotify - thread 1),SaltPoweredRobot,7 months ago,"Lmao, ""right wing"" the swedish ""right wing"" is still the left on US politics.",12,1 reply
YouTube (Why Everyone Is Leaving Spotify - thread 1),R0ZEN7,7 months ago,I have never used a music streaming site (unless you count youtube videos) in my life. I have always downloaded my music or had CDs or whatever and played them locally on my pc and stuff.,30,3 replies
YouTube (Why Everyone Is Leaving Spotify - thread 1),KING4EVER247,1 month ago,Why do I have to pay the premium to play my songs in order on the playlist 😭 that's pointless 😭🙏,1,
YouTube (Why Everyone Is Leaving Spotify - thread 1),haveanawesomeday4059,6 months ago,As an artist I can even get negative balance because some bots just go over thousands of accounts and songs which then I am punished for. No information why and proof. For 1 million plays with onr track I just ended up with couple hundred bucks. All tracks under 1k plays do not even count. While they say we can't pay more to artists billions of dollars end up in EKs account. Will pull all my music soon.,2,
YouTube (Why Everyone Is Leaving Spotify - thread 1),theSuperspeedysloth,1 day ago,"I am a free user, and I'll get ads that are 2 minutes long, and popup ads nonstop, it's filled to the brim with ads, the shuffle sucks there are songs on my playlist I've never heard, it's like you have to pay for premium and if you don't they punish you",1,
YouTube (Why Everyone Is Leaving Spotify - thread 1),theconductoresplin8092,7 months ago,.mp3 has worked fine for years and will continue to work fine,6,
YouTube (Why Everyone Is Leaving Spotify - thread 1),GrantTidman,7 days ago,"The worst thing is if you aren't on premium, just standard you can't even follow a link to a song. Plays a random one",1,
YouTube (Why Everyone Is Leaving Spotify - thread 1),Tempbot12,1 month ago,For some reason I keep getting an ad EVERY ONE SONG. I HAVE TO SCROLL OUT OF THE APP JUST TO GET RID OF THE AD,,
YouTube (Why Everyone Is Leaving Spotify - thread 1),dizzy4dayz,7 months ago,The fact that Spotify allows A.I music but bans bot streams is a joke that writes it self.,2,
YouTube (Why Everyone Is Leaving Spotify - thread 1),retrogameslover2023,6 months ago,"I left Spotify, because I have a premium YouTube account at the time that I've subscribed for since. Then GooglePlay became YouTube music, which you don't have to pay for when you're already a YouTube premium member. I also get to listen to music that I could not find or get on Spotify. So it's silly paying for a music streaming service that's starting to suck anyway!!",2,
YouTube (Why Everyone Is Leaving Spotify - thread 1),anonymous-wk1nh,1 month ago,Spotify shuffle is so bad that I started making copies of my playlist wherein I would delete each song as I listened to them to ensure there were no repeat songs,,
YouTube (Why Everyone Is Leaving Spotify - thread 1),DLC-LEO,6 months ago,Anyone else noticing a trend with here big corporations they are all falling off Roblox Spotify clasheoyale/supercell what's next guys?,1,
YouTube (Why Everyone Is Leaving Spotify - thread 1),l-hyper-ultra-light-l,5 months ago,It was Roblox now Spotify 😭😭😭 the world is actually going to shi,2,1 reply
YouTube (Why Everyone Is Leaving Spotify - thread 1),PicklePrinting,1 month ago,"The only thing is, yt music is kinda owned by Google, a kinda big company",,
YouTube (Why Everyone Is Leaving Spotify - thread 1),NYdrillmusik,3 months ago,"That's why a lot of independent artists are leaving DSPs and are building their own websites to sell music. If not, you have free platforms like SoundCloud and YouTube to upload music. I just wish you can apply Content ID to all music instead of paying yearly for each track.",1,
YouTube (Why Everyone Is Leaving Spotify - thread 1),WangzGamez,7 months ago,"So what other music streaming Playlist give you as much as Spotify? Cause I used to listen to Amazon music cause I had an Amazon prime account, but it just didnt have as much music, so I switched to Spotify. Im tempted to switch to yt music, but idk what do you guys think? I usually listen to unground death metal artists with a little bit of trap and rock. Im a musician myself, and I would want to support these artists as best I can, so what music platform should I choose to compensate them instead of all my money going to Taylor swift?",,
YouTube (Why Everyone Is Leaving Spotify - thread 1),Kekekekekekekekekekekekeke,5 months ago,"Been using Tidal for a few years now, and never had to look back at Spotify",,
YouTube (Why Everyone Is Leaving Spotify - thread 1),Octavia_goetiafr,6 months ago,0:25  VRO IT HAD A LIMIT 🥀🥀,,
YouTube (Why Everyone Is Leaving Spotify - thread 1),markimperial623,7 months ago,switched to Youtube Music a year ago and I never look back - the audio quality is just better,,
YouTube (Why Everyone Is Leaving Spotify - thread 1),DIY2k4k,6 months ago,"I left last month. I have a huge vinyl and mp3 collection, I don't need it, it was convenient - but at what cost?",,
YouTube (Why Everyone Is Leaving Spotify - thread 1),Wolfshalifi,4 months ago,I bought YouTube premium so I just moved to YouTube music because no point of having Spotify at that point,1,
YouTube (Why Everyone Is Leaving Spotify - thread 1),SamDow_Edits,7 months ago,"0:29 If you need to beg for something in an App, is something wrong and you should leave it.",1,
YouTube (Why Everyone Is Leaving Spotify - thread 1),bahadurali144,7 months ago,this video was kinda eye opening for real,,
YouTube (Why Everyone Is Leaving Spotify - thread 1),Its_BOSS_CodM,3 months ago,"I've been on Tidal for the high audio quality for like 4 years or so now. It has a few UI quirks, and I'm the only person I've ever met who uses it LOL, but I'm a big fan of Tidal.",,
YouTube (Why Everyone Is Leaving Spotify - thread 1),Ijoe-p3z,7 months ago,"If you write a melody and use Ai for some instruments and mixing, is it legal?",,
YouTube (Why Everyone Is Leaving Spotify - thread 1),RDRD0611,5 months ago,Boycotted Spotify when a music app wanted to invest in military arms,1,
YouTube (Why Everyone Is Leaving Spotify - thread 1),emesar5233,3 months ago,Is the a cracked version of Spotify Android App that is up & running?,,
YouTube (Why Everyone Is Leaving Spotify - thread 1),hugocosta6125,7 months ago,Titles like this are always somewhat amusing,,
YouTube (Why Everyone Is Leaving Spotify - thread 1),mapleleaf8948,7 months ago,I use the thrift store cd streaming service.,1,
YouTube (Why Everyone Is Leaving Spotify - thread 1),wooliepulpit,3 months ago (edited),How do you square everybody leaving with its profitablity? Other than cost cutting and AI artists costing less?,,
YouTube (Why Everyone Is Leaving Spotify - thread 1),cashvault1996,5 months ago,Turning back to iTunes/Apple music and SoundCloud,,
YouTube (Why Everyone Is Leaving Spotify - thread 1),alrecendo1640,7 months ago,"The audio is just lower quality overall.. And with Youtube Music, I can search virtually any song in existence.. That's just something that Spotify will never have.",1,
YouTube (Why Everyone Is Leaving Spotify - thread 1),fast13steve,1 month ago,"Hang on, it's just music, an app doesn't need some crazy features it's just music",1,
YouTube (Why Everyone Is Leaving Spotify - thread 1),Never_mindyk,1 month ago,It wasn't the worse 😭 it changed,1,1 reply
YouTube (Why Everyone Is Leaving Spotify - thread 1),HaFannyHa,5 months ago (edited),"Oh, let me count the ways! So much of the music I really love will never appear on an streaming service. I cannot stand Pop-up ads, nuff said. Downloading and ripping CDs means that I actually own the music. An algorythm will never be able to tell me what it thinks I should enjoy. My tastes are not bland and flavourless. Payment to musicians is disgustingly small, practically nothing. Spotify's nefarious activities are...... So, I'm an MP3 player lover. Thanks for your brilliant, informative posts!",,
YouTube (Why Everyone Is Leaving Spotify - thread 1),SKLL3TR,7 months ago,"Don't forget one day you wake up and one sog is greyd out, piracy is the only solution",1,
YouTube (Why Everyone Is Leaving Spotify - thread 1),KarlLobitaña-w1u,1 day ago,can't even skip 6 songs btw🫩🫩✌️✌️,,
YouTube (Why Everyone Is Leaving Spotify - thread 1),gratengelsker7614,5 months ago,I would have switched if there were any good program to transfer my spotify albums to Apple Music,,
YouTube (Why Everyone Is Leaving Spotify - thread 1),CharlieTheKidd,1 month ago,I've heard enough. I'm switching to YouTube Music.,1,
YouTube (Why Everyone Is Leaving Spotify - thread 1),danrogy,7 months ago,Now I know why I always thought they had a terrible algorithm for their curated stations! The music is a popularity contest. I've been a Pandora purchaser for a loooong time now.,,
YouTube (Why Everyone Is Leaving Spotify - thread 1),machine1568,5 months ago,"As I understand from reading the comments, I have an extremely unpopular opinion. For the last 5 years, I have been using Deezer, Spotify, SoundCloud, and for the last 3 months, I have been using YouTube Music. Switching from Spotify to YouTube has been the worst experience I've had in the last year of my life, from the terrible interface to the algorithms that add music to my playlists that I didn't know existed and would rather not know about. Playing clips in the music app. And most importantly, it turns out that YouTube and YouTube Music are completely different ecosystems. I watched several live concerts, and none of the bands I watched made it into the playlist, but an audiobook I watched a review of did. I'm not even talking about the audio quality...",1,
YouTube (Why Everyone Is Leaving Spotify - thread 1),BethDoublekickChick,6 months ago,"Just cancelled my Spotify this month,  they keep putting the price up. No thanks.",1,
YouTube (Why Everyone Is Leaving Spotify - thread 1),kaliisdead,7 months ago,"If you guys do not use spotify premium and you own a PC, Why have you not downloaded any music and played it on iTunes or Windows Media Player? Goated apps.",1,
YouTube (Why Everyone Is Leaving Spotify - thread 1),Null-hu2ig,7 months ago,"Spotify recently increased its prices in Saudi Arabia to $16 which is absurd considering that the minimum wage in Saudi Arabia is only $12,000 per year. With a 15% VAT, most people there don't have the kind of luxury Spotify seems to think they have",1,
YouTube (Why Everyone Is Leaving Spotify - thread 1),Hk_Tv143,7 months ago,damn i didn't even know this was a thing,,
YouTube (Why Everyone Is Leaving Spotify - thread 1),GeneralZacharias,4 months ago,"i first tried it, tried listening to rammstein and sabaton, but when i put song on it plays a whole other fucking song and NEVER plays the song i asked for btw",,
YouTube (Why Everyone Is Leaving Spotify - thread 1),thatonefuyu,7 months ago (edited),"As someone who has always downloaded my music- I just watch the wildfires from the commodity of my pillow fort. Also, streaming services are so annoying when the things you like are slowed + reverbs, nightcores, remixes, unreleased tracks, features, indie or obscure artists, etc.",,
YouTube (Why Everyone Is Leaving Spotify - thread 1),Theelegend_999,6 months ago,7:21 got an ad from Spotify 😂😂,,
YouTube (Why Everyone Is Leaving Spotify - thread 1),Narutojaden,4 weeks ago,I don't really understand how much were they getting in Radio times how much did they get every time the radio played their music now think of how many people were listening to radio and how many people are listening to one time streams going backwards,,
YouTube (Why Everyone Is Leaving Spotify - thread 1),DENVERMETRO-330,1 month ago,"Left it when I seen that the album that you click on, doesn't mean you're gonna hear all the songs you maybe MAYBE only get two songs of the album",,
YouTube (Why Everyone Is Leaving Spotify - thread 1),nzriot,7 months ago,"I just search songs that I want to hear on Youtube - granted usually songs that have been popular - and I pretty much always find them, along with the music video, for FREEEEE, and there are some very cool music videos. I don't mind the adds they sometimes have afterwards - because at least they don't interrupt mid-song (because that would be stupid).",,
YouTube (Why Everyone Is Leaving Spotify - thread 1),КористувачкаІнтернету,2 weeks ago,Good thing I transfering my whole Spotify collection since 2021 manually to my Flac player it takes a while but in the end of the day nobody will take your music away if its on your Hardware,,
YouTube (Why Everyone Is Leaving Spotify - thread 1),aMeLia-np3lf,5 months ago,Honestly I've been thinking of getting a cd player and learning how to burn cds cus in tired of all these damn ads bro.,,
YouTube (Why Everyone Is Leaving Spotify - thread 1),SafirasGram,3 weeks ago,"I use yt music, but is not as easy to use as spotify. I was considering to go back, but I now I womt anymore, thanks fot the essay",,
YouTube (Why Everyone Is Leaving Spotify - thread 1),arjareja7941,7 months ago,"What irritates me with Spotify right now is their avalanche of ads at the start, in the middle and the end of every podcast.",,
YouTube (Why Everyone Is Leaving Spotify - thread 1),jackstamford9937,7 months ago,Its the adds for me,,
YouTube (Why Everyone Is Leaving Spotify - thread 1),IronClinch92,4 weeks ago,"This if the first I'm hearing of the shuffle issue. I have over 4000 songs on my liked playlist, and rarely have this issue and didn't think anything of it until reading this thread.. I'm one of those weirdos who listen to songs on repeat also, idk if that's a factor",,
YouTube (Why Everyone Is Leaving Spotify - thread 1),LoganDunnet,7 months ago,Boycott Spotify,1,
YouTube (Why Everyone Is Leaving Spotify - thread 1),SparklesWii,1 month ago,I left because It wont let me play my songs in peace and gotta wait the next day to play them I honestly left it.,,
YouTube (Why Everyone Is Leaving Spotify - thread 1),sjcwilliams,7 months ago,I save music that I buy to cloud storage that is directly linked to the music player app on my phone and laptop. Easy to do. There are reddit threads on this if it interests anyone. Couldn't be happier off of streaming services.,,
YouTube (Why Everyone Is Leaving Spotify - thread 1),keithsr.,7 months ago,Its there really any other equal options though?,,
YouTube (Why Everyone Is Leaving Spotify - thread 1),Jontech777,7 months ago,I just switched to tidal for the quality I didn't even know about any of this,,
YouTube (Why Everyone Is Leaving Spotify - thread 1),Lisaisaturtle,7 months ago,"Recently moved to Deezer after using Spotify for 10+ years, couldn't be happier",1,1 reply
YouTube (Why Everyone Is Leaving Spotify - thread 1),MemoTercero,7 months ago,"How can Spotify not be able to afford to pay the artists, but they have $100 Million for that hack Joe Rogan?",1,
YouTube (Why Everyone Is Leaving Spotify - thread 1),McSmurfy,7 months ago,I stay on Spotify because many of the songs I listen or like aren't on YT Music or so on. And it has the wifi cast feature that works with my Sonos speakers.,,
YouTube (Why Everyone Is Leaving Spotify - thread 1),dkkpollock,7 months ago,"Around 10:33 mins I keep hearing this fake artist comment. If the music was made by a living breathing person, then how is it fake? I do not hear it claimed that it is AI? What I am hearing is a different biz model being put into place. Good or bad, that is up to the customer to decide.",1,
YouTube (Why Everyone Is Leaving Spotify - thread 1),2close2the2unn,3 weeks ago,"I just switched to an MP3 player, buying and owning my music and sorting it makes my stuff feel much more intentional, and supports artists much more directly. Plus, It ACTUALLY shuffles my music, unlike Spotify, and it was only a one-time spend of about $50 (plus whatever music I decide to buy.) No ads, and I can mod and make it my own. It feels so much better, and it's even helping me use my phone less! It's great. I highly reccomend switching to an MP3 player for those who can.",,
YouTube (Why Everyone Is Leaving Spotify - thread 1),dragoonxgamer,1 month ago,Apple music is literally cheaper than spotify,2,2 replies
YouTube (Why Everyone Is Leaving Spotify - thread 1),Talesandtwowheels,3 months ago (edited),"I am begging please leave spotify use. Because it is totally unfair how Spotify won't even allow us to choose which songs to play in my liked songs. It technically allows to play but that is limited. Another thing is ridiculous pricing. Here in India Lowest Netflix cost is 149 INR but the cost of proper minimum Spotify premium cost is 199 INR, someone please explain to me how Watching a show should cost more than to stream a song. I hope many people realise the issue. On the other side Apple music costs only 119 rupees. Whereas YouTube cost effectively less since YT music is also combined with a YouTube app subscription in just 179 INR. I like spotify but this is totally unfair looking at the competition.",1,
YouTube (Why Everyone Is Leaving Spotify - thread 1),FoxyTwist,4 months ago,if it weren't for how every other 3rd party app integrates spotify and not any other streaming service I would've switched long ago cause their shuffle feature just repeats the same 5 songs it annoys me,,
YouTube (Why Everyone Is Leaving Spotify - thread 1),R.Antonio-ml9xp,6 months ago,The price keeps going up….not worth it anymore….,1,
YouTube (Why Everyone Is Leaving Spotify - thread 1),KryptoKn8,7 months ago,"Oh idk, maybe because it gets more expensive over and over again while also not providing any more features, aswell as some features just ourigjt being bugged and not working?",,
YouTube (Why Everyone Is Leaving Spotify - thread 1),lisa._.the._.lovely,4 months ago (edited),"Well, aren't I glad that I've never got Spotify...still rocking with the 2014 method",,
YouTube (Why Everyone Is Leaving Spotify - thread 1),KiRiTO72987,6 months ago,"In my case it was purely economics I often listen to long form content on YT while working so I could either have Spotify premium, or get YT premium and switch to using YT music",,
YouTube (Why Everyone Is Leaving Spotify - thread 1),JoseDeLillie,4 months ago,Lol I'll just download for FFREEEEEE! 😂😂😂 I'm not letting these corporate companies scam me out of the money I work hard for!! Spotify deleted!!,1,
YouTube (Why Everyone Is Leaving Spotify - thread 1),brayvll,2 months ago,My AirPods keep playing random songs deep in my playlist instead of the next one up it's so annoying 🤦💔,,
YouTube (Why Everyone Is Leaving Spotify - thread 1),makra2594,7 months ago,"YouTube premium still be good, You can watch, listen, study all in one without interruption",1,
YouTube (Why Everyone Is Leaving Spotify - thread 1),ImLVLegitcusImthasht,5 months ago,"YouTube music, you can add videos and even upload your own songs and add it to your playlist",,
YouTube (Why Everyone Is Leaving Spotify - thread 1),LionessDiva,7 months ago,"Spotify are crooks... I made a playlist on my first account they claimed I downloaded too much, they locked my account. So I created another account. I don't use Spotify to play music, I use it to look up an artists album to see the songs. I didn't log in for maybe a year, logged in to find a song them logged off. Again, they locked my account, extortion wanted me to promise not to download any more music, I argued with them they refused. 🖕Spotify.",1,
YouTube (Why Everyone Is Leaving Spotify - thread 1),AmberLovesBad,7 months ago,I still have Spotify. I have a lot of old playlists and I use it for audiobooks.,,
YouTube (Why Everyone Is Leaving Spotify - thread 1),joeysmith311,2 months ago,Just cancelled premium. Latest price hike did not sit well within my budget. Cost of living here in Australia hits hard at the moment.,,
YouTube (Why Everyone Is Leaving Spotify - thread 1),I_Am_Cronically_Online,2 months ago,So how does apple music work?,,
YouTube (Why Everyone Is Leaving Spotify - thread 1),KINGGEORGE007,7 months ago,Getting a Spotify Ad before clicking this video is diabolical😂😂,,
YouTube (Why Everyone Is Leaving Spotify - thread 1),drlarrymitchell,2 months ago,"In trying to use Spotify just now, I remember why I stopped using it. A bullshit interface, seventy million login prompts, technical issues, and for what- I'd rather just blast what I like from my phone filled with my tunes from my computer without any of the bullshit Spotify seems to fetishize.",,
YouTube (Why Everyone Is Leaving Spotify - thread 1),HYP3M0D368,5 months ago,They have removed half of my music library from my playlist and it's baddd,,
YouTube (Why Everyone Is Leaving Spotify - thread 1),chetk8413,7 months ago,"very easy to transfer to youtube music as it's on premium, similar price and big library including other remixes and most podcasts",,
YouTube (Why Everyone Is Leaving Spotify - thread 1),avaz5490,7 months ago (edited),Nope. The reason I left Spotify is because they kept delivering pop overs and other advertising nonsense that would interrupt my music even though I was subscribed to premium - and those interruptions would require me to take my eyes off the road and interact with my device to resume the music. Same misbehaving on different devices - just constant nagging about things despite paying for premium to avoid all those things. No thanks. I left Spotify because they would not stop the pop ups and ads for premium subscriptions. I had no problem with the algorithms or playlists.,1,
YouTube (Why Everyone Is Leaving Spotify - thread 1),emnahdj4841,6 months ago (edited),You can transfer all your music and playlists from Spotify to Apple Music in the settings of you iPhone,,
YouTube (Why Everyone Is Leaving Spotify - thread 1),HyperStimulation,7 months ago,Why do I get the same 20 ish songs whenever I shuffle? Ridiculous,,
YouTube (Why Everyone Is Leaving Spotify - thread 1),talasmanadi579,6 months ago,@mattyballz - Reykjavik: Rey - Ray (a.i. ray of sun) Kja - Kea (a.i. Keanu) Vik - Vick. Bless.,,
YouTube (Why Everyone Is Leaving Spotify - thread 1),Soniauniquefood,7 months ago,"for real tho, i've been thinking the same",,
YouTube (Why Everyone Is Leaving Spotify - thread 1),LimePickl3,5 months ago (edited),"It's pronounced ""Wreck-Ya-Veek"" but roll the R like in ""perro"" (Spanish) and Veek is like Week but with a V. So: (rolled R) Rek-ya-veek (put the stress on the first syllable too) J in Icelandic =  Y in English",,
YouTube (Why Everyone Is Leaving Spotify - thread 1),StriderBillman,7 months ago (edited),09:50 It's pronounced: /ray - ka - vic/,2,
YouTube (Why Everyone Is Leaving Spotify - thread 1),ethanwasme4307,7 months ago,"there are tools to transfer playlists from platform to platform, not always perfect but gets you 90% of the way there",,
YouTube (Why Everyone Is Leaving Spotify - thread 1),piyushsethi9379,7 months ago,this makes a lot of sense,,
YouTube (Why Everyone Is Leaving Spotify - thread 1),BinteRehman-m6l,7 months ago,"for real tho, i've been thinking the same",,
YouTube (Why Everyone Is Leaving Spotify - thread 1),sk.subhani.7,7 months ago,damn i didn't even know this was a thing,,
YouTube (Why Everyone Is Leaving Spotify - thread 1),Speakertest698,4 months ago,The only thing I don't like about Spotify is that it has ads  and I have to pay for a premium fees so I wish also had a free download option instead of buying for just to download songs so that's why I give up and end up downloading them on a MP3  put songs on my phone no issues I can play them without WiFi,,
YouTube (Why Everyone Is Leaving Spotify - thread 1),NF-ru8on,5 months ago,~10:30 how can the songs be 'fake' of made by real musicians? What u mean is fake credits/info.,,
YouTube (Why Everyone Is Leaving Spotify - thread 1),dianewebb206,6 months ago,Dropped Spotify a few months ago. The only thing that sucks is that I went to Apple Music and there's a bunch of bands that I cannot find any of their music on the Apple platform. Mostly independent international bands from Asia that I can't find now.,,
YouTube (Why Everyone Is Leaving Spotify - thread 1),ElizabethandCassandraafton,4 months ago,I use Spotify and it is amazing I can leave the app in the background and go play games on my phone as long as it's still in my square buttons thingie I love Spotify bc I can actually leave the app and listen to my music at the same time unlike YouTube as soon as you leave the app your music stops,,
YouTube (Why Everyone Is Leaving Spotify - thread 1),robertatwork,7 months ago,"Long winded reply here. But why not just make your OWN music streaming service? What even is a music streaming service? It's simply playing MP3s off of a computer somewhere that isn't stored on the local device. Self-hosting your collection is free, and easy.",1,
YouTube (Why Everyone Is Leaving Spotify - thread 1),LiminalOtaku,5 months ago,"I never used Spotify, and when i showed a guy i work with that i have music on my phone that is 'locale' and not streamed.... he did not know it was possible. So sad.....",1,1 reply
YouTube (Why Everyone Is Leaving Spotify - thread 1),ZeelofTheMarty,3 months ago,As someone who has never used Spotify this is like peering into another world.,,
YouTube (Why Everyone Is Leaving Spotify - thread 1),omnidexxxon,5 months ago,I been holding down SoundCloud since the jump,,
YouTube (Why Everyone Is Leaving Spotify - thread 1),troywinston,6 months ago,"Wow. My wife and I LOVE Spotify. Among many other musical streaming places, and YT, my own music/albums are there. I sure hope it doesn't go away like so many others.",,1 reply
YouTube (Why Everyone Is Leaving Spotify - thread 1),xmoinxmoin5215,7 months ago,I left Spotify over a decade ago. I used sound cloud and Apple Music. Came back and not even a week I want to leave already. Can't play my music in order and can't replay. There was a very good song and I couldn't even get it cuz I couldn't back play.,,
YouTube (Why Everyone Is Leaving Spotify - thread 1),Frederick0220,3 months ago,"This is a total lie. Not only is everyone not leaving Spotify, they just hit a new all-time high for active users at 700 million with 300 paying for Premium. Spotify is literally growing",1,
YouTube (Why Everyone Is Leaving Spotify - thread 1),At_Ant,7 months ago (edited),"Cancelled my Spotify subscription yesterday. Music suggestions got worse - I kept hiding tracks from playlists but the same genre or tracks from the same album would get recommended. This moved me to listening to albums again. Oh yeah, the AI slop was awful.",,
YouTube (Why Everyone Is Leaving Spotify - thread 1),Calitasha,4 months ago,Outside of most problems people have 1 thing that always pisses me off is when they remove the starting lyrics of some of Mothy's songs (vocaloid),,
YouTube (Why Everyone Is Leaving Spotify - thread 1),davidyolchuyev2905,3 weeks ago,They had 11% YoY increase. Where do you get your data from?,,
YouTube (Why Everyone Is Leaving Spotify - thread 1),pr4420,4 months ago,9:43 I thought it was pronounced Rayk-ya-vik,,
YouTube (Why Everyone Is Leaving Spotify - thread 1),markunwin2313,7 months ago,"Never used Spotify, but YouTube premium with music included is great. No ads on YouTube , music a bonus!",,
YouTube (Why Everyone Is Leaving Spotify - thread 1),brt.34,6 months ago,"Don't forget when they hit the ""listen to music again tomorrow"" 🥀💔",,
YouTube (Why Everyone Is Leaving Spotify - thread 1),Tours_google,7 months ago,i've been thinking about leaving too lol,,
YouTube (Why Everyone Is Leaving Spotify - thread 1),RandallCrook,7 months ago,"Never joined. I like owning my music. So I used to bought it from iTunes. Unfortunately, they are slowly stopping the sale of music.",,
YouTube (Why Everyone Is Leaving Spotify - thread 1),AnimeOf-Darkness,7 months ago (edited),Spotify is fine for me I love trance tracks on it I lov3d 90s and 2000s dance tracks most are not bland it's superb  in my playlists,,
YouTube (Why Everyone Is Leaving Spotify - thread 1),eddiebendigo7317,7 months ago (edited),Same reasons i left pandora. I'm not going to listen to seven ads in between songs.,,
YouTube (Why Everyone Is Leaving Spotify - thread 1),ContentsSarah,4 months ago,Everytime I play a playlist it will play random songs that wasn't in the playlist :(,,
YouTube (Why Everyone Is Leaving Spotify - thread 1),man_5070,4 months ago,Im only keeping my spotify to copy the song links and download it through MP3 websites,,
YouTube (Why Everyone Is Leaving Spotify - thread 1),bakeralex201,7 months ago,Left a while ago... why pay for just audio when youtube gives both,,
YouTube (Why Everyone Is Leaving Spotify - thread 1),SHens-x5g,3 weeks ago (edited),"I'd rather buy physical CDs or purchase digital albums and songs. Why should I pay $15 a month for the rest of my life just to stream music, when I can spend $20 on a CD and own it forever?",1,
YouTube (Why Everyone Is Leaving Spotify - thread 1),JimmyMac840,3 months ago,"Reasons I left Spotify: Lyrics - new songs on Spotify didn't always have lyrics but Apple Music did. Transferring music was easy via settings. Price: Spotify was 12$ where Apple Music was only 10$ a month, and bought an Apple product so got 3 months free.",,
YouTube (Why Everyone Is Leaving Spotify - thread 1),theyodaman82,7 months ago (edited),I left spotify primarly because they kept raising there monthly price. I was already paying for youtube premium so I figured I'd give youtube music a shot seems how it's included. I've never looked back.,,
YouTube (Why Everyone Is Leaving Spotify - thread 1),KazuyaYuza,7 months ago,"I used to be a spotify fan, but they got more expensive, their web/PC interface became shit, etc. Using Tidal now for 2 years and no regrets.",,
YouTube (Why Everyone Is Leaving Spotify - thread 1),GreenFoodMan,7 months ago,What this taught me was to remove all official Spotify playlists from my library..,,
YouTube (Why Everyone Is Leaving Spotify - thread 1),blix7875,7 months ago,"Spotify logo has the best colors and the app is intuitive. i understand that spotify is pretty bad for artists, but as a consumer I still think its the best choice",,
YouTube (Why Everyone Is Leaving Spotify - thread 1),alexandruirimescu8143,7 months ago,I've canceled my Spotify subscription more than a year ago.,,
YouTube (Why Everyone Is Leaving Spotify - thread 1),allanmacdougall8334,6 months ago,"Spotify epitomises modern capitalism. Talentless, parasitic sociopaths raking in all the money, while music creators are bled dry.",1,
YouTube (Why Everyone Is Leaving Spotify - thread 1),DavidBidari-g3b,1 month ago,Greedness and satan took over Spotify 😡,,
YouTube (Why Everyone Is Leaving Spotify - thread 1),woody5012,7 months ago,"Spotify's total users, premium and ad, is going up not down. People may be leaving, but more people are joining.",,
YouTube (Why Everyone Is Leaving Spotify - thread 1),DanomanRacing,7 months ago,"a couple years ago, my yearly report showed Taylor Swift as one of the artists I listened to the most... when I don´t like her music and I never ever even a single time, looked for or clicked play on one of ther songs... they just kept pushing it no matter what",,
YouTube (Why Everyone Is Leaving Spotify - thread 1),KimmyLovesAll,7 months ago,The Spotify isn't easy to access on iPhone at all it makes you pay on PC devices cannot access it through app which is bullshit and it's their fault,,
YouTube (Why Everyone Is Leaving Spotify - thread 1),mike-56xyz,7 months ago,Had to leave for yt music. Spotify (free) wouldn't even allow me to shuffle my local files.,,
YouTube (Why Everyone Is Leaving Spotify - thread 1),JeanSundego,5 months ago,"the moment i got my Spotify 2024  recap, im off to YT music, price wise, YT premium much better and worth the money compare to spotify.",,
YouTube (Why Everyone Is Leaving Spotify - thread 1),bluthebluewolf9886,7 months ago,Spotify lossless isn't even lossless according to bit perfect testing,,
YouTube (Why Everyone Is Leaving Spotify - thread 1),luispagan4752,7 months ago,"former spotify user, i'm a youtube music person now",,
YouTube (Why Everyone Is Leaving Spotify - thread 1),Sivakento5049,7 months ago,Ads... Reduce the ads that's enough to make Spotify good honestly,,
YouTube (Why Everyone Is Leaving Spotify - thread 1),mirandaross4625,7 months ago,"Spotify has been giving me one premium feature at a time to try out for a month for free(without telling me). I just about lost it with ""Smart Shuffle"". Like, stop adding songs I don't know. I have had 100% accuracy with what I added vs what they added and it's distracting when a song I don't know and don't vibe with comes on.",,
YouTube (Why Everyone Is Leaving Spotify - thread 1),Nightowl427272,7 months ago,"I have never, and will never give Spotify a single penny, or second of my time.",,
YouTube (Why Everyone Is Leaving Spotify - thread 1),RJG-e1l,5 months ago,"Bro i can't even choose 3 songs to play anymore, after 2 it advertises premium to me and then plays the middest music i have ever heard",,
YouTube (Why Everyone Is Leaving Spotify - thread 1),dustinstevens755,7 months ago,"I just started leaving Spotify last night. I'll give Apple Music a try for a while. Spotify has been borderline unusable for years, playing songs not on the playlist, randomly jumping to the middle of a different song while already having one playing, shuffle playing the exact same songs most of the time. I've been using premium for about 10 years and I've been able to see its usability go down the toilet",,
YouTube (Why Everyone Is Leaving Spotify - thread 1),derbacksteinbacker4942,7 months ago,"i left spotify because adding music via local files was simply not working. then i switched to youtube music. I liked spotify and youtube music is not perfect either, i hate that it doesn't have a built in equalizer but the selection of music, remixes and even the smallest artists being available there is reason enough for me to stay.",,
YouTube (Why Everyone Is Leaving Spotify - thread 1),nataleevee,4 months ago,A word of advice for all companies: people can't disagree with your political stance if you never tell it to them.,,
YouTube (Why Everyone Is Leaving Spotify - thread 1),HelpSaveBirds,6 months ago,Spotify slept on a bunch of opportunities to improve user experience. I left about 5 years ago. Went to Tidal and now use Apple music. Apple has the best I've used.,,
YouTube (Why Everyone Is Leaving Spotify - thread 1),vinnypwilson6625,6 months ago,why would anyone use Spotify when you get YouTube Premium and Music for almost the same price?,,
YouTube (Why Everyone Is Leaving Spotify - thread 1),Andi131Cee,6 months ago,"I had Spotify for about 13 years, I dumped it about a year ago for Apple Music and have never regretted it. I love Apple Music's automatic crossfade feature. The thing about Spotify is, they literally create hundreds of playlists for you, but they all have the same songs in them. Their shuffle only seems to shuffle the same few songs, in a playlist of 300+ songs it would play the same 20-30.",,
YouTube (Why Everyone Is Leaving Spotify - thread 1),mledes,4 months ago (edited),I moved from Spotify to YT Music a couple years ago and I think it's a much better streaming service. One thing that really got me upset is the fact that Spotify has a maximum number of favorite songs for Premium subscribers!,,
YouTube (Why Everyone Is Leaving Spotify - thread 1),theendlesslines,7 months ago,i never realized how bad the payouts were,,
YouTube (Why Everyone Is Leaving Spotify - thread 1),afiefsky,7 months ago,"The solution is to treat music like software on a SaaS platform. Like Steam, artists could sell their albums directly, with transparent payments and the platform taking at most a 30% cut.",,
YouTube (Why Everyone Is Leaving Spotify - thread 1),GRPetty88,6 months ago,Why the hell would anyone ever think an intern would deserve a revenue split with a multi billion dollar company,,
YouTube (Why Everyone Is Leaving Spotify - thread 1),jpprice14duh,7 months ago,Left spotify for youtube music last year. Never looked back. Only one dollar more a month for youtube Premium and youtube music in my region.,,
YouTube (Why Everyone Is Leaving Spotify - thread 1),allanmacdougall8334,6 months ago,duplicate,,
