summary_paraphrased,sentiment,score,date
"I love it, but DAMN there are a lot of ads. I get 3-5 after ONE song",Neutral,3,2026-07-07 12:10:37
one of the best music apps I've come across,Positive,4,2026-07-07 12:06:56
"One word..... ""Amazing""",Positive,5,2026-07-07 12:02:01
"There may be a couple ads , but overall , it's pretty good",Positive,5,2026-07-07 11:59:11
"It's literally the best music listening app . Just one word ""miracle"". ❤️❤️❤️❤️❤️",Positive,5,2026-07-07 11:58:32
"Spotify is an outstanding music and podcast app with a huge library of songs, albums, and shows from around the world. The interface is clean, fast, and easy to navigate. Personalized playlists like Discover Weekly and Daily Mix help me find new favorites every week. Audio quality is excellent, and offline downloads are very useful for travel. The podcast collection is impressive, making it an all-in-one entertainment app. A reliable, enjoyable, and highly recommended platform for music lovers.",Positive,5,2026-07-07 11:53:02
iklan ko sampe 3-4... hadeh...,Negative,1,2026-07-07 11:52:04
it's perfect for you to listen to,Positive,5,2026-07-07 11:50:32
highly recommend you don't have to be on the app to listen to music even without premium,Positive,5,2026-07-07 11:45:55
best song app I have ever seen 😍 listening quality wow every one should download👍,Positive,5,2026-07-07 11:43:05
its just my peace,Positive,5,2026-07-07 11:28:15
cracker app goes hard and has heaps of features jam with people amongst the favourites,Positive,5,2026-07-07 11:26:14
always on point 🔥,Positive,5,2026-07-07 11:25:41
I enjoy this app as it has all the songs I love.,Positive,5,2026-07-07 11:25:08
"No how many times I feed new passwords, everytime I login using google password manager it says thr email and password combination is incorrect. If I enter the same password by pasting or manually it works.",Negative,2,2026-07-07 11:23:26
the songs cause there the best And I just like spotify,Positive,5,2026-07-07 11:22:53
"shuffle is actually the worst thing ever. I've been fixated on a rather small selection of songs lately and every time I hit ""reshuffle"" it only moves the songs up/down like 4 spots max on the queue and nothing from the bottom ever mixes with the top of the playlist, nothing from the top ever mixes with the bottom of the playlist. what do you get out of programming it so it doesn't actually truly shuffle anything????",Negative,2,2026-07-07 11:19:12
"I want to know why the speed Spotify plays its songs at is not the normal, speed ( usually faster, some times slow) and all to often the speed will fluctuate slightly during the song! And yes your technicians and experts will tell you no human ear can detect it! But I hear it and if I hear it consciously , then Everyone else also hears it subconsciously , and that is why Spotify often gets, turned off when in large crowds . Fix this, it is extremely annoying for any REAL MUSICIANS .Also illegal",Negative,1,2026-07-07 11:18:45
"uses up like ALL your watch storage, even made my watch get stuck in a restart loop until I UNINSTALLED THE APP. just listen on your phone.",Negative,1,2026-07-07 11:17:15
it's very useful and fun to use I genuinely loveee Spotify>>>,Positive,5,2026-07-07 11:15:04
gane ki awaaz behtarin,Positive,5,2026-07-07 11:08:34
best music experience,Positive,5,2026-07-07 11:06:24
I really appreciate their service with very few ads I think so one ad after 4 or 6 songs without getting subscription. its freee so enjoy your mood with your best one song,Positive,5,2026-07-07 11:06:10
nice even download,Positive,5,2026-07-07 10:56:01
Spotify is one of the best music ap.. Cant live without it..,Positive,5,2026-07-07 10:48:26
I love ❤️ this app,Positive,5,2026-07-07 10:47:57
good but premium package is a bit higher price.,Positive,4,2026-07-07 10:42:40
too much ads but other features are just wow,Positive,4,2026-07-07 10:39:47
its 5h3 best friend forever,Positive,5,2026-07-07 10:39:36
top streaming app,Positive,5,2026-07-07 10:33:09
It has the greatest quality of songs,Positive,5,2026-07-07 10:29:33
This app became greedy—🫠,Negative,1,2026-07-07 10:26:18
"you can find most songs you need here, its overall good but first of all, theres too much ads and its always 2-4 ads at once. It feels like ⅔ of my listening experience is filled with ads. second, i dont know why they think its a good idea to limit skips, especially 6 per hour. thats just crazy. third of all, you cant even play songs that you pick when youve done it a few times each day. music app but you cant choose what you play? what a joke",Negative,2,2026-07-07 10:23:53
Literally the best music app EVER! And I'm not a bot so you can trust me ❤️,Positive,5,2026-07-07 10:12:36
it is very good I love that so much,Positive,5,2026-07-07 10:11:19
All good except advertisements,Positive,5,2026-07-07 10:02:05
"Has all my tunes, can't beat it.",Positive,5,2026-07-07 09:52:10
Terribly optimised.,Negative,2,2026-07-07 09:49:35
"It's good, but I get way too many ads. I listen to two songs and get hit with like 1 and half minutes of ads and it's super annoying. At this point, I'm better off using YouTube cuz you can skip ads.",Neutral,3,2026-07-07 09:45:01
"I'm paying for premium but I'm hearing adds.. guess I'm stopping Spotify and going back to YouTube.. and no this isn't host read adds, these are adds that pop up and ask you to register for South Specific ie virgin active and so on.",Negative,1,2026-07-07 09:44:29
so many restrictions,Negative,1,2026-07-07 09:44:28
very good app to listening songs,Positive,5,2026-07-07 09:39:57
With the recent update the app has been buggy. The widget is on a constant loading loop on my home screen and when trying to open the app itself it doesn't load anything at all. It worked sort of fine with my VPN on and when I turn off my VPN it still takes forever to properly open.,Neutral,3,2026-07-07 09:32:57
love the app listen to it every day,Positive,5,2026-07-07 09:29:06
Just amazing nothing else,Positive,5,2026-07-07 09:27:16
"whats going on with the app? :( its been shutting down on me and being very glitchy. I use the app quite a bit- and I have been for years. its the only app I like to use for streaming podcasts and listening to music. I have so many positive things to say about the Spotify app, so its frustrating to be having my very first issue. lol. idk if its all the AI suggestions clogging stuff up? Anyway. just wanted to leave a review in hopes this issue can be fixed 😁",Neutral,3,2026-07-07 09:23:02
okay what kinda music app makes you pay money to choose what song you listen too. makes yt music better.,Neutral,3,2026-07-07 09:17:55
they don't let song we want to hear of our choice they don't even let us change the song aspar our choice,Negative,1,2026-07-07 09:16:38
I recommend everyone to use YouTube premium. it has a similar price to Spotify but you get much more. no ads on YouTube videos and you get YouTube music too.,Neutral,3,2026-07-07 09:14:11
I can't even choose what song I want to play,Negative,2,2026-07-07 09:12:23
"Its a good app that has a lot of good options but I do have a few nitpiks: 1: Liked songs and liked episodes are seperate, I would rather have a feature all together 2: when searching, you can filter by ""song"" ""playlist"" ect, ect, but theres no episodes option to filter by at least that I can find, and 3: My biggest one, PLEASE get rid of the limits on playlists, im one of those people who listen to EVERYTHING so I just wish it would not have a limit so I can add everything I want.",Neutral,3,2026-07-07 09:11:17
it has everyyy songs u could think of anddd I love it because u can listen to it evenn when ur phone is offf can u believe that it's crazy and I loveeeeee it everrrrrrrrrrr much it's one of my favorite apps!!!!!!!!! ❤,Positive,5,2026-07-07 09:09:09
Amazing app for perfect music!,Positive,5,2026-07-07 09:05:12
"I like this app and use it everyday but recently ive been experiencing a bunch of bugs it was only small things at first so i ignored it but currently for example when I make a playlist the app is not letting me me add songs into the queue, which is very annoying especially for how much I pay to have premium.",Neutral,3,2026-07-07 09:03:48
Super recommended,Positive,5,2026-07-07 09:03:39
basically i downloaded this app so i can listen to music but i can't hear a thing,Positive,4,2026-07-07 09:03:32
the app is so bad 👎 not working 😕 I rate it 5/0 the worst app I ever see 🙄 so so so so so so so so so so so so so so so so so so so so so so so so so so so so so so so so so so so so so so so so baddd spotify is such a use less app the songs are not playing properly I wanna listen other it plays other so that why I am rating it 0 the worst app in my whole I never install it again 😡😡😡😡😡😡😡😡😡😡😡😡😡😡 the worst app 💔 the worst app ..... can you do something???? just tell me,Negative,1,2026-07-07 08:55:56
variety and easy to navagate,Positive,5,2026-07-07 08:55:14
I have questions about the story,Positive,5,2026-07-07 08:45:31
this app become more frustrating day by day,Negative,1,2026-07-07 08:42:38
Spotify is the best app music you guys have my 5 star ⭐,Positive,5,2026-07-07 08:37:35
THIS APP IS VERY USEFUL,Positive,5,2026-07-07 08:35:34
music clearly and voice clear,Positive,5,2026-07-07 08:33:28
trash turns into more garbage nice slop date,Negative,1,2026-07-07 08:28:12
Super music and Jai Balayya 🦁,Positive,5,2026-07-07 08:26:32
"I disabled YT and YTmusic from my phone. I hate Google YT team so much rn. I'm sorry, I should have NEVER LEFT!",Positive,5,2026-07-07 08:25:59
Before the app was good but now there is a problem i can just have a short preview of the song and cannot haer the full song and the new playlist saving system is worst. Please solve these problem or else we have to search for another alternative of these app🙏 they solve my problem for few months but now again facing the same problem after giving update to these app.,Negative,1,2026-07-07 08:22:13
"I normally don't complain but for the amount of money I spend a month on this app you wouldnt think I'd have to delete and reinstall it every other week for it to work. come on spotify, let's start spotting the problems around here...",Neutral,3,2026-07-07 08:22:11
"new widget sucks - forced to use the new one, now its not functional but you also disabled the one that was working fine and already pleasing",Negative,2,2026-07-07 08:13:53
this app is really helpful for song's lover... I'm so satisfied to this app...,Positive,5,2026-07-07 08:12:58
"it WAS amazing but now you have to wait a whole DAY to skip a song if you've already skipped 6 songs, and I can't even pick the song I want without premium. such a scam not recommended",Negative,2,2026-07-07 08:10:25
bro I can't type you can try this with 0 problems try it now,Positive,5,2026-07-07 08:06:22
I've been a long time Spotify user but it's time to uninstall. I cancelled Premium because I'm sick of SHUFFLE playing the same 40-50 songs when I have thousands of songs to shuffle through. With the free version you get non stop ads.. literally 5-6 ads per 1-2 songs. That's garbage and absolutely infuriating after the bazillionth ad. I'm just gonna download music to my phone. I'd rather listen to the same songs over and over for free! Premium is not worth $13/mo...,Negative,1,2026-07-07 07:59:56
advertisements spoil my mood,Negative,2,2026-07-07 07:58:53
"play 1 song, get the ads, play 1 song, get the ads all day long. why?",Negative,1,2026-07-07 07:55:37
there is a lot of one star reviews a very awkward app,Negative,1,2026-07-07 07:39:48
𝕀 𝕝𝕠𝕧𝕖 𝕥𝕙𝕚𝕤 𝕒𝕡𝕡 𝕓𝕔 𝕀 𝕘𝕖𝕥 𝕥𝕠 𝕝𝕚𝕤𝕥𝕖𝕟 𝕥𝕠 𝕞𝕪 𝕗𝕒𝕧𝕠𝕣𝕚𝕥𝕖 𝕤𝕠𝕟𝕘𝕤 𝕒𝕟𝕕 𝕥𝕙𝕒𝕥 𝕞𝕒𝕜𝕖 𝕞𝕖 𝕙𝕒𝕡𝕡𝕪,Positive,5,2026-07-07 07:39:10
"u know that, I love it ... when I downloaded Spotify my days got moods from its free songs but still the best quality 🙂😄 and it also recommend good songs about our feed... there is too much things to tell 😕😞 so you must check out by download it 🔥🔥🔥🔥😄😎🌍🌎🌆😉🤣😅😁😄🙃🫠🙂😊......",Positive,5,2026-07-07 07:36:33
"Have tried two different systems of music. This one flat-out ROCKS. I can save, read, listen, construct a list...and don't have to deal with people like Amazon Music. Spotify gives me the ability to control all aspects of music I enjoy plus more!",Positive,5,2026-07-07 07:34:39
Terrible App. Have to uninstall and reinstall it every other week. Three years later and the app still sucks. Annoying app can't wait to delete it.,Negative,1,2026-07-07 07:31:46
absolute cinema,Positive,5,2026-07-07 07:26:36
I get to listen to my favorite music for free😄😄,Positive,5,2026-07-07 07:18:49
very nice ❤️❤️❤️,Positive,5,2026-07-07 07:11:35
"It's a good app you should try it btw, I love Spotify 💗✨ Morever, no useless ads and it runs reliably without crashing💐✨",Positive,5,2026-07-07 07:09:06
"When ever I play my podcast it will have an add every 20s it's so annoying 😑 🙄 😒 😤 🙃 😐. Other reasons as well as having limited skips, 6 skips per hour and limited playing whatever you want you have to wait 1 day until you play what ever you want again. unless you go unlimited.. I DO NOT RECOMMEND SPOTIFY!!!!. Tell me if you are the same!!!",Negative,1,2026-07-07 07:08:33
I was paying for Spotify but all of a sudden u cancel my audio books..without notifying..I will be cancelling this subscription.. this is the 2nd time this has happen,Negative,1,2026-07-07 07:05:42
Its ok but 12.99 4 stars. GOD bless an the king rules Christ Jesus.,Positive,4,2026-07-07 07:04:32
it's good I like but wish you were still be able to shuffle the music without the premium,Positive,5,2026-07-07 06:54:09
10+ years and still going. no better music app on market,Positive,5,2026-07-07 06:47:27
Spotify is the best!!,Positive,5,2026-07-07 06:44:52
bina primiuam walo ka lia utna badia nahi hai lakin thik hai 💖💖,Neutral,3,2026-07-07 06:44:29
Awesome experience and songs can be heard with no internet!!,Positive,5,2026-07-07 06:37:59
Spotify gave me all the vibes i needed in my life.,Positive,5,2026-07-07 06:36:19
it's nice to use it for free❤️❤️,Positive,5,2026-07-07 06:33:46
Exceptional listening experience,Positive,5,2026-07-07 06:33:23
Linking to my Amazon music ACC made this transition the best without loosing my playlist,Positive,5,2026-07-07 06:24:18
"the new update has actually ruined this app. It lags constantly, music takes several tries to actually start, and it crashes alot. The new interface they added also feels super cluttered, it's fine on desktop but on mobile its awful. fix your app",Negative,1,2026-07-07 06:19:57
good but wish it was not with a lot of ads,Positive,4,2026-07-07 06:19:17
I got an ad for 3 free months subscription for the past months but when I open the app I got nothing,Negative,1,2026-07-07 06:04:38
"""SOMETHING WENT WRONG. TRY AGAIN LATER."" well.. no thanks xdd",Negative,1,2026-07-07 06:01:46
"I absolutely love Spotify, I just don't like seeing the ads so much like every 2 songs. I also love the texting feature, but I'd rate this 5 stars if there weren't so many ads.",Positive,4,2026-07-07 05:56:58
"Nearly always replays huge sections of podcasts or changing episodes between listening, and there is no way to hide/skip paid locked content so playback is constantly stopping between episodes forcing you to scroll back through the whole catalogue",Negative,1,2026-07-07 05:56:49
"It doesn't always save the songs in the selected playlists, the old way was more user friendly because there was a Confirm/Save button and a clear button.",Positive,4,2026-07-07 05:52:12
tried it once and now it starts on its own CONSTANTLY. Horrible. Do NOT use this app.,Negative,1,2026-07-07 05:51:34
l use it every day l and it's even better with premium,Positive,5,2026-07-07 05:43:20
nice to use. that's it...,Positive,4,2026-07-07 05:27:42
It lets you listen to your music but then you have to get the pay if not then you can listen to one song then change the song to a different song ( that's what happened to me 😭),Negative,1,2026-07-07 05:26:19
great i can listen to any music I want.,Positive,5,2026-07-07 05:18:52
I like the app it give clear sounds,Positive,5,2026-07-07 05:14:59
It is as good as you put in.,Positive,5,2026-07-07 05:10:04
"Why does it take time to load downloaded music? My connection is perfect anyway, it shouldn't buffer even if it is loading a list or song. Do you have literally one dev? I could fix this in 2 days or less. You don't care about performance? Should I got back to apple music again??",Negative,1,2026-07-07 05:09:54
"Better than utube music, almost as good as Deezer.",Positive,4,2026-07-07 05:07:37
"Great but Too many ADS, ruins the experience by putting 5 Just to listen to a song",Neutral,3,2026-07-07 05:02:59
"For the past 3 months my Spotify takes forever to load, thinks I'm offline when I'm connected to the wifi, doesnt let me look things up because it says I'm offline even when I have perfect data reception, & it takes forever to connect to my tv, chromecast, and ps5. My phone isn't old and it doesnt have its storage full or its Ram full. Please fix.",Negative,2,2026-07-07 05:02:16
Reinstall helps with the battery drainage. Seems like a Android issue,Positive,5,2026-07-07 04:58:43
Everysince I started paying for a subscription my songs have been skipping and I did not have this issue when I had the ads. I refuse to pay almost $14 for songs that skips like it's a CD. That is RIDICULOUS!,Negative,1,2026-07-07 04:54:41
"Actually I really love this app and I would call it one of the best music app right now but lately the adds are becoming too much and the rules are already so frustrating for those of us that haven't paid for premium, I honestly think you guys should slow down it's too much and annoying at least even we that haven't pay we still use data to listen that should be enough for you guys instead of adding more frustration to it all. please I suggest that you guys should still pity for us.",Negative,2,2026-07-07 04:42:48
you can listen to your music,Positive,5,2026-07-07 04:42:41
there plans are amazing,Positive,5,2026-07-07 04:36:43
music is life 🙌,Positive,5,2026-07-07 04:36:30
They deleted my review so I'm just going to leave 1 star now instead.,Negative,1,2026-07-07 04:31:42
I love Spotify.,Positive,5,2026-07-07 04:26:41
It is the best music app,Positive,5,2026-07-07 04:24:20
"good app, just a bit pricey imo",Positive,5,2026-07-07 04:21:42
"First of all, the cost is very affordable. I subscribed because I cannot listen to YouTube on more than one device at the same time. With Spotify, I can listen to my favorite music and access YouTube videos at the same time. Spotify creates playlists that I enjoy listening to and it seems to know which music I like the most. It is an excellent service. It has far exceeded my expectations.",Positive,5,2026-07-07 04:19:54
great app plays awesome,Positive,5,2026-07-07 04:17:42
hate the new update where i make a playlist but i cant pick which song goes on next inside the playlist if ygm,Negative,2,2026-07-07 04:13:16
"como por que van a monetizar el cambiar canciones? o el Saltar canciones? eso es algo mínimo que tiene cualquier aplicación de música, es que por que ponerle precio a un detalle así? vuelven la app muy incomoda para los no premium, sinceramente es una estrategia muy agresiva para incencitvar a comprar el premiun, sinceramente es una decepción después de tantos años usando Spotify",Negative,1,2026-07-07 04:10:19
I'm on a road trip and this is coming up again saying try again tomorrow please fix this for me and my kids,Negative,1,2026-07-07 04:05:57
the app Improved a bit with less ads and the limit on stuff was taken away so I would say it's not bad but I still can't skip adds,Positive,4,2026-07-07 04:03:23
the new widget is horrible just bring back the old one its way better,Negative,2,2026-07-07 04:01:30
so good I recommend,Positive,5,2026-07-07 04:00:15
"It's kinda laggy on some of my devices and has a lot of ads but honestly I couldn't switch to another music app. There are songs on here that aren't on other apps, and I have Playlists with hundreds of songs I wouldn't want to have to make on other apps again",Positive,4,2026-07-07 03:59:36
"Lately there have been constant issues with the plugin. I have already cleared the cache, changed the settings, and reinstalled Spotify multiple times, but it didn't help. The plugin is still unstable. I am giving it one star until it starts working properly.",Negative,1,2026-07-07 03:45:32
love the convenience of all types of music.,Positive,5,2026-07-07 03:43:07
very clear music.,Positive,5,2026-07-07 03:41:50
it's cool until the ads start going.,Positive,5,2026-07-07 03:40:59
I just wish there were unlimited skips without premium. you should always be able to skip a song,Positive,4,2026-07-07 03:38:01
very good ads are so annoying and premium is so expensive,Positive,5,2026-07-07 03:37:30
"Love this app, I got premium, because I use it all the time",Positive,5,2026-07-07 03:37:06
very good quality for a music app,Positive,5,2026-07-07 03:26:23
"Homescreen is an ADHD nightmare, it's filled with algorithm garbage you can't get rid of. Spotify is pretty good. There are a LOT of problems though. There is no option to show all songs by an artist, you have to look up the song specifically or just know the album it's on, then find that album. Can't filter by release date. Can't remove recommendations I don't have any interest in. Spotify absolutely destroys my battery. Let me customize MY home screen!",Negative,2,2026-07-07 03:25:15
"Bring back the 4x1 widget, no reason to remove it.",Negative,1,2026-07-07 03:24:33
I have come back to say just get an mp3 player lowk 2 minutes of straight ads after 2 songs lowk sucks still,Negative,1,2026-07-07 03:24:20
"I have premium every time I never cancelled, My issue is I'm not offline yet your telling me I'm offline. Then sometimes it's laggy. Fix the issue please.",Neutral,3,2026-07-07 03:22:16
Spotify is such a great app,Positive,5,2026-07-07 03:20:21
best music listening app for me,Positive,5,2026-07-07 03:20:19
"I like this app, it's good for music and it looks like I can listen to Audio books on it also.",Positive,5,2026-07-07 03:14:19
i love getting to know music based on what i already listen to.,Positive,5,2026-07-07 03:13:55
"Used for ages and I have seen the app go from a great way to listen to music. but no it is unusable, I have switched to youtube music via brave browser. no ads and allows plays outside of the app costs nothing and has more songs.",Negative,1,2026-07-07 03:07:13
I enjoy having my personal list of favorite music selections to listen to when I wish but without cost since I'm an 80 yr old widow. I hope it stays that way. Otherwise I wish to opt out! Thank you.,Positive,5,2026-07-07 03:04:33
"So much lag on podcasts, nonstop lag even for audio only. Just go to YouTube and watch the video for a seemless experience.",Negative,1,2026-07-07 03:03:31
I love to listen to all my favorite songs and music while finding more songs to add to my list of likes overall great app :>,Positive,4,2026-07-07 03:02:53
i love you a lote,Positive,5,2026-07-07 03:02:48
corporate slop that's only goal is to shove underpaid laborers down your throat.,Negative,2,2026-07-07 02:59:01
this is THE best app on my phone,Positive,5,2026-07-07 02:56:06
that's pretty good you got a good selection and a good deal so it's all about Value,Positive,5,2026-07-07 02:53:15
I love having a music streaming platform with everything in one place but the last few weeks the app hasn't been running properly I don't know what caused it,Positive,4,2026-07-07 02:52:34
This game sucks. All you do is listen to music and screw over the artists who made it.,Negative,2,2026-07-07 02:50:23
Very nice app. it works in background and have all old and new songs.,Positive,5,2026-07-07 02:48:32
love that they made download available for free version too. thank youu,Positive,5,2026-07-07 02:46:55
3-4 commercials after every song makes this app completely unusable for music.,Negative,2,2026-07-07 02:33:51
"this app has definitely gone downhill 😔 it used to be awesome, now it doesn't shuffle properly; it keeps playing the same loop of songs, as if I'm at the grocery store, and it does the same loop for days at a time! 😡 also, it keeps freezing/ skipping . fix these issues, please! especially since the price keeps going up! I'd understand if this was a temporary bug, but it's been going on for months!",Neutral,3,2026-07-07 02:33:21
"Spotify has become a battery drain on my phone I have to keep optimizing my battery everytime playing Spotify,it's like Spotify is being used as a backdoor for virus Spyware..! Spotify keeps turning on settings without me agreeing..!",Negative,1,2026-07-07 02:32:48
I only good if you have a premium plan for it!!!!,Neutral,3,2026-07-07 02:32:34
best music app thank u for seeing the reality of what music. means to our existence,Positive,5,2026-07-07 02:30:59
Great app for music listening,Positive,5,2026-07-07 02:30:04
🎧 🙂‍↕️. Purrfectt,Positive,5,2026-07-07 02:28:03
"Now this app is gone, it is useful only if you subscribe.",Negative,1,2026-07-07 02:22:02
enjoy the music,Positive,5,2026-07-07 02:20:33
"I love this app. I love everything with the premium plan, but I have an issue that I've tried to solve and it's always the same... I want to play specific songs from an artist and they are unavailable, but this just happens for me. It's still available in my region, my friends play it on Spotify and I'm the only one who can't. I went to the single and it shows me that ""Tracks on this playlist are not available"". What can I do to solve this considering my account is the only one with this problem",Neutral,3,2026-07-07 02:18:09
"Amazing app for music and podcasts, but the app says I have to use headphones. Would be great if music could play from the watch speaker. Great app otherwise!👍",Positive,4,2026-07-07 02:18:08
bring back the 4X1 widget now! why did you take it off? it messed up my home screen and made Spotify more difficult to use. I need to be able to access controls easily WITHOUT having to completely rearrange my home screen or it's nearly useless to me! I pay for a family plan and am very upset that this hasn't been fixed in weeks!,Negative,1,2026-07-07 02:14:55
"I love Spotify...music, books, podcasts...they have everything I'd want to listen to!",Positive,5,2026-07-07 02:12:01
Love using this streaming app,Positive,5,2026-07-07 02:12:00
slow and fails to load often. not sure what I am paying for. headaches?,Negative,1,2026-07-07 02:08:16
this app is held back by greed,Negative,1,2026-07-07 01:59:11
"Really stocked library. Terrible app. Adding or removing songs from playlists is a hassle and not very user friendly. Shuffle is completely broken, and every option that Spotify will give you to fix it does absolutely nothing. You'll be listening to a Playlist on repeat thats over 1000 songs deep and it will keep playing the same 50 songs it thinks you like better no matter what changes you make in settings or end up clearing your cache. Fix the shuffle. It's infuriating.",Negative,2,2026-07-07 01:56:06
"i love spotify! this app has definitely upgraded over the years giving more freedom to listeners. the ads are a problem though. i'll get almost two minutes of ads after listening to one or two songs, and it really just messes the whole vibe off. i even get ads about spotify trying to get more people to buy their ads. it seems like the app is just really money hungry, and doesnt care about the listnert anymore. aside from all of that, the app is great. it would be better without all the ads.",Neutral,3,2026-07-07 01:54:18
it just feels right,Positive,5,2026-07-07 01:51:42
"the new widget is really bad. keeps going offline, nothing happens when I click on it, and often shows the wrong song playing",Negative,2,2026-07-07 01:49:34
thik hi hai yarr,Positive,5,2026-07-07 01:48:55
since the June update. you are playing a song through Bluetooth via your car or Bluetooth speakers offline and then it glitches out or stops randomly near the end of the song as your waiting for the next one to start. you can't go on the app offline straight from your device as it crashes out with a black screen but as soon as you put the internet on on your device it all loads up. If you go off the app and get rid of background apps and then go back on it it crashes straight away. fix this 🙏,Negative,2,2026-07-07 01:48:18
"I love Spotify, the ads get in the way sometimes mostly just because they are so long.",Positive,4,2026-07-07 01:46:57
life changing....for those of us who grew up in the 70s/80s/90s to have a music streaming service that allows you unlimited access to millions of tracks and the majority of artists in world music for £10/11 per month is miraculous....considering cds used to cost £15 for one album...Spotify has opened up a whole universe of sound...for everyone to enjoy....,Positive,5,2026-07-07 01:42:43
Used to love this app so much.. But now it is the worst app. Cz after each 2 songs u can find atleast 3 ads.. typically the same ad. Simply u can listen to ads more than songs. It is really annoying cz u can't enjoy ur moments because it always get distracted by those annoying ads. Super disappointed,Negative,1,2026-07-07 01:42:34
"great music, I don't have premium but I haven't had an issue with many ads! I love the Beatles and I'm so glad I found an app to listen to all their songs! :D I do recommend premium tho if you don't like ads, it's just my personal experience that I don't get many ads but it's different for everyone!",Positive,5,2026-07-07 01:41:18
with premium the sound quality is 👌,Positive,4,2026-07-07 01:38:52
10/10!! I love this app!! I don't have premium but who cares?! it's soo good the only adds I get are only not that much seconds long! idk if this happens to others tho... STILL AMAZING! ✩✩✩ (sorry if this sounds AI generated it's not),Positive,5,2026-07-07 01:36:48
worst aap no user experience only ads and ads and ads,Negative,1,2026-07-07 01:26:50
"poorly optimized app just keeps getting worse. I have an a36 now running android 16 one ui 8.0 and I have 6gb of ram. Spotify is still the only app that is slow after a while of using it. My storage is not even close to full. app crashes if I save too many things. app lags, hangs, and freezes and then closes itself. its the biggest app on my phone and the only one that doesn't work.",Negative,1,2026-07-07 01:18:21
"I can't open the app for some reason and I keep getting 6 ads when I go to a song one ad at the beginning, middle, and end. it's still good though they just need to fix it a little bit",Neutral,3,2026-07-07 01:17:12
keeps getting better,Positive,4,2026-07-07 01:13:41
"best music app I've ever had. music quality is good, top 👌",Positive,5,2026-07-07 01:13:13
amazing music and long hour to finished.,Positive,5,2026-07-07 01:11:28
i love this app! it even shows the lyrics of my fav songs!!!,Positive,5,2026-07-07 01:07:05
I love Spotify because it makes me happy 1,Positive,5,2026-07-07 00:55:24
SPOTIFY PLEASE GET RID THE GRAY BAR OVER THE STATUS BAR ON THE NOW PLAYING SCREEN. I know you guys can make code for it to change between black and white based on what's on the screen. You literally did that on iOS. Do it for Android!,Neutral,3,2026-07-07 00:54:39
this is my favourite song app,Positive,5,2026-07-07 00:45:56
I recommend 👌 Spotify,Positive,4,2026-07-07 00:43:58
spotify has all types of music but won't let me choose a lot to play and on my Playlist it puts random songs that I don't like on there,Positive,5,2026-07-07 00:40:35
"it's annoying with the premium because I once it runs out, you basically can't listen to any songs you want by option and it only gives you 6 skips a day",Negative,1,2026-07-07 00:39:50
bring back looping for non premium users bro and stop adding auto shuffle or auto playlist this is so badd,Negative,1,2026-07-07 00:39:12
So many times I open my app to listen to music and find out that all my songs have been deleted?! why does that keep happening it's not like my subscription expired (I confirmed from others) yet I open it and all my songs are gone!!!!,Negative,1,2026-07-07 00:29:45
so bad my phone,Positive,5,2026-07-07 00:26:37
Interesting music's,Positive,5,2026-07-07 00:21:24
Easy excess to music,Positive,5,2026-07-07 00:19:16
"the price for the premium is legit. I would like to suggest another payement amount to eliminate the limited number of song choices per 24 hours. As a music lover myself, regardless of genre, sometimes the music doesn't match my mood, and not being able to change the song is frustrating.",Positive,4,2026-07-07 00:16:33
There shouldn't be a reason why this app takes 8GBs of storage space.,Negative,1,2026-07-07 00:16:15
let me get this straight every time you want to reply a song it says you have to be premium and if you want. to skip a song you have to be premium it sucks that you have to be premium for everything so yeah I'll rate you guys a 4.2/5 .,Positive,4,2026-07-07 00:16:09
best app EVER!!!,Positive,5,2026-07-07 00:14:52
"I don't ever write reviews for anything but whatever it is you guys have done with the layout of this recently needs to change immediately back to what it was before because it was a terrible idea, fire whoever picked that no joke",Positive,5,2026-07-07 00:14:22
besides from the adds it's perfect,Positive,5,2026-07-07 00:13:17
the best way to get some music 🎵🎶,Positive,5,2026-07-07 00:10:38
"perfect, love it 😍😍😍😍",Positive,5,2026-07-07 00:05:12
"Besides not having certain songs, and the shuffle function cycling through the same songs over and over out of thousands I've added to my playlists I love this app",Positive,4,2026-07-07 00:04:18
Does not let you pay just because your your telephone is 5 years old. So disappointing.,Negative,2,2026-07-07 00:03:54
Stop replacing my songs with the live version in my playlists.,Neutral,3,2026-07-07 00:01:48
Very good 👍 👏 👌 😀 ☺ 🙌 👍 👏,Positive,5,2026-07-06 23:56:39
better than Pandora enough said,Positive,5,2026-07-06 23:56:12
why he ask taken subscription 😔,Negative,1,2026-07-06 23:54:41
the play list is so amazing it play according to the present mood,Positive,4,2026-07-06 23:54:05
I'm addicted 2018-2026,Positive,5,2026-07-06 23:53:54
Amazing once you get premium.,Positive,5,2026-07-06 23:44:54
great only thing is with family plan people under my plan keep connecting to mine while playing music but pandora is way worse and ends uo costing more,Positive,4,2026-07-06 23:37:45
kafi time se sahi chal raha but skip krne ke bhi pese mang rahe he ye log bhot galat he ... uninstall kr raha hu.....bkwas ho gaya ye app bhi ab ...,Negative,1,2026-07-06 23:36:20
"I use this day in and day out and I can't count how many times in the last 3 months I've had to uninstall and reinstall this app because it freaks out, deletes or skips my queue and then the playback speed gets stuck on 1x. This is ridiculous!",Negative,1,2026-07-06 23:35:47
yes bro just yes great music has everything and the amount of playlists you can make and the fact there just getting better every year,Positive,5,2026-07-06 23:33:27
nice variety gospel music playing free playing for hours,Positive,5,2026-07-06 23:27:16
"Spotify Spotify Spotify what have you done to the lyrics section. Who said the past lyrics section was bad... now I have to scroll and find the ""show lyrics"" while I was just able to click the section to show my lyrics",Positive,4,2026-07-06 23:26:05
Tired of having a limit to picking songs this a music app picking songs on general should already be a normal feature. I can't okay my playlist in order unless it's premium which is stupid itself. Then I have a skip limit. Also sometimes I'll have the app take me off the playlist,Negative,1,2026-07-06 23:26:00
it was good but there where a lot of ads n like almost 0 lyrics,Positive,4,2026-07-06 23:24:46
"Doesn't even function, thinks I'm offline when I'm not. Waste of money that I have to keep paying for my wife to use. On top of them screwing over artists. Total garbage.",Negative,1,2026-07-06 23:24:45
"Lately the app is bugging out and crashing multiple times a day. It's not just me either, others are having the same issue that's how I know it's the app. It's like I can't listen to songs, add stuff to the queue, and browse playlists at the same time. It's causing the app to have a meltdown. I'll try to clear the cache, but that might just make it worse when it has to reload every song and album artwork?",Negative,2,2026-07-06 23:24:22
"1st: songs don't always add to playlists when I tell them to. 2nd: when I go to add a song to a playlist, id really prefer NOT to see what playlists I've already added that song to first. i liked having my pinned playlists show on top instead. 3rd: id like if I could have certain songs excluded from my Spotify Wrapped. Every year, mine is all songs I go sleep to. 4th: shuffle feature could be better. it just plays the same songs and ignores the rest of the playlist. current settings don't help",Negative,1,2026-07-06 23:14:55
Slow to start up.,Positive,4,2026-07-06 23:14:15
haven't used any other music since I found Spotify,Positive,5,2026-07-06 23:13:19
A great platform,Positive,5,2026-07-06 23:12:47
It is the worst app I give my account and they are saying are you human? verify you are human sound cloud is best from this,Negative,1,2026-07-06 23:12:28
"I honestly love Spotify, but sometimes there's a bunch of ads back to back that feel longer than the songs I listen to. Also, sometimes the songs I have added get removed or replaced with versions I don't really like. It's honestly stressful because sometimes the cover of the song in my list is the song I want to play, but clicking it is when I find out that it's not the song I want.",Neutral,3,2026-07-06 23:12:14
This come in very handy and don't have really adds . you.choose you our music and and it's you set to rotate or Set the time to .play.,Positive,5,2026-07-06 23:10:37
to many ads they dont need money that bad,Positive,4,2026-07-06 23:09:01
good experience,Positive,5,2026-07-06 23:04:37
ye bakwas app hai primium mat lo ye chalu ho nahi hoti hai faltu ka pesa barbad mat karo i dont like sevis,Negative,1,2026-07-06 23:04:32
very poor add break long time,Negative,1,2026-07-06 23:04:17
predatory. keeps playing in the background no matter how many times I close it out. won't let me close out when ads are playing ... bye bye,Negative,1,2026-07-06 23:01:48
in love with this app!!,Positive,5,2026-07-06 23:00:42
"I've used this app for 5 years and i use it in any situations wither that be at work wanting to focus or playing on my console, dancing or just in the mood I use it which is great. it also introduced me into a lot of different types of music that I know love a lot. I would recommend anyone that loves any types of music or just wants to listen to music without worrying about closing your phone and not hearing the song (like YouTube music) to use this amazing app with its premium that works great",Positive,5,2026-07-06 22:56:02
"the new upgrade made it find new music, which makes it a lot more fun to listen 🎶",Positive,5,2026-07-06 22:46:53
it is good as a first time getting an app to listen to your favorite music,Positive,5,2026-07-06 22:44:20
"it is fabulous app...in which I can experience the calm , relax and the peasant atmosphere....it's amazing...but only thing is this that songs can't get download without premium",Positive,5,2026-07-06 22:41:56
"I went to make a new account and I started with deleting my old account,and after I made the new account and deleted my old one I am still being charged for my deleted one and spotify wont respond to my emails total scam",Negative,1,2026-07-06 22:41:27
worst experience....so much advertisement..and only 6 song that we can skip..🤮app,Negative,1,2026-07-06 22:40:46
"best music app ever, 100% recommend",Positive,5,2026-07-06 22:38:59
I like Spotify ever since I got it for my birthday,Positive,5,2026-07-06 22:33:39
𝐢𝐭𝐬 𝐠𝐨𝐨𝐝 𝐛𝐭 𝐩𝐥𝐳𝐳 𝐫𝐞𝐦𝐨𝐯𝐞 𝐭𝐡𝐞 𝐚𝐝𝐬 𝐚𝐧𝐝 𝐰𝐞 𝐝𝐨𝐧𝐭 𝐡𝐚𝐯𝐞 𝐦𝐨𝐧𝐞𝐲 𝐟𝐨𝐫 𝐩𝐫𝐞𝐦𝐢𝐮𝐦,Positive,5,2026-07-06 22:31:49
Super beautiful like Thanks for ❤️ GOD,Positive,5,2026-07-06 22:27:28
Liking an album should be the same as liking all the songs in that album. I can't play all liked songs of an artist anymore. Can't go to playlist radio anymore. Daily mixes are terrible and shuffle keeps playing the same songs (fixed by switching to standard shuffle instead of fewer repeats which does the opposite of what it's supposed to). Always changing for worse Both widgets are always crashing,Negative,2,2026-07-06 22:25:04
very best healthy listing music,Positive,5,2026-07-06 22:22:53
"it' so amezing,😘 I like it 😘👍🏻",Positive,5,2026-07-06 22:20:53
good quality even I'm not paying but I can't still get my favorite music,Positive,4,2026-07-06 22:20:47
hungry ahh Spotify and it's adds,Neutral,3,2026-07-06 22:19:16
bro Spotify actually hella tuff,Positive,5,2026-07-06 22:19:02
all type songs in one place.,Positive,5,2026-07-06 22:17:30
Only thing which never leaves me.♥️,Positive,5,2026-07-06 22:14:17
I love your app it helps me connect my stressful life into the world of music .,Positive,5,2026-07-06 22:14:14
Painfully slow and unresponsive since video and AI features took over interface,Negative,1,2026-07-06 22:10:11
Been us8ng for over 10+ years. Reliable and compatible with all devices.,Positive,5,2026-07-06 22:09:26
we use with gaming time and background song was sing,Positive,5,2026-07-06 22:06:52
"love the variety of music, and also the options to watch movies and videos!",Positive,5,2026-07-06 22:04:21
too many ads too little options can't choose songs after certain limit the app is ruined in past couple of years,Negative,1,2026-07-06 22:03:59
"I personally love Spotify because they offer a wide variety of music and genres plus podcasts and audio books but the , reason I took off some stars is because you need to pay in order to get a good experience. For example when you do not have premuim, you get limited skips, no freedom of choosing what songs you want, 3 continues adverts every 10mins abd much more. Where as with premuim there is no adverts, you have more freedom, you can download playlists as well as even put them in folders.",Neutral,3,2026-07-06 22:03:51
ye bas pesa hi mangta hai,Negative,2,2026-07-06 22:02:28
hi I am Sekar this is best for me,Positive,5,2026-07-06 22:02:01
"usually does what it needs to, latest update makes sound only come out of one speaker, yes I checked my phone's sound settings s and the equilizer in the app. that's not it, was fine yesterday n updated this morning n now it's not. way to go guys",Positive,4,2026-07-06 21:59:58
lwk good will better without ads,Positive,5,2026-07-06 21:58:39
"I pay £11.99 a month for an app that says ""you're offline"" for the first 5 times I open it and i have to keep opening and closing it until it finally realises that no, I am not offline. it happens EVERY TIME, no matter where I am and how good my connection is. kinda sick of it",Negative,1,2026-07-06 21:57:42
"The application is amaizing, but please remove the recommended songs. When I play a song, another recommended song plays on.",Positive,5,2026-07-06 21:57:02
this is the great app I really enjoy using it and have been using,Positive,5,2026-07-06 21:55:30
I like it cuz it contents to my ps 4,Positive,5,2026-07-06 21:53:24
1 Outstanding Working Components Systemz For USA AMAN 🕌⚡☠️⚡🕌,Positive,5,2026-07-06 21:53:22
This app is causing my phone to overheat. I got to this conclusion through testing and it seems the Optimised battery option is causing some issues. I have had to set this to restricted and my phone is thankfully gone from the proverbial fresh McDonalds Apple Pie to 2 day old McDonalds Fillet o' Fish. N.B. I have tried uninstalling and reinstalling - this did not fix the issue.,Negative,1,2026-07-06 21:51:48
This app is very good 👍,Positive,5,2026-07-06 21:48:10
best app useing for 3 yersss best EXPERIENCE,Positive,5,2026-07-06 21:47:58
not liked song playing,Negative,1,2026-07-06 21:47:14
"This app has dropped off a cliff over the last 6 months. I work out of cell service frequently and apparently thats too much for the app to handle. It cant figure out what's been downloaded and tries to stream everything no matter what, even after selecting a ie, podcast, in Your Episodes, and still glitches out and crashes. Each update has brought less reliability and more frustration and wasted time trying to find something it can handle. Next bad update, I'm finding something else",Negative,1,2026-07-06 21:46:25
Bro just let me pick what to hear,Negative,1,2026-07-06 21:46:21
Can't even listen to 3 songs in a row!! Seriously this ads system sucks 🤮 Like they created the app only for the rich and what do they even think about the poor? How can everybody afford to pay a monthly installment? Do they think that poor doesn't deserves to listen to any songs or what??,Negative,1,2026-07-06 21:46:12
"Your service it top notch and fantastic, just keep up",Positive,5,2026-07-06 21:44:15
please repair android widget. it keeps failing and going offline. thank you!,Negative,1,2026-07-06 21:40:21
app ta vdiya aa par ad uss bhi jyada bekaar,Negative,1,2026-07-06 21:38:27
very nice and good,Positive,5,2026-07-06 21:27:33
it's perfect but the adds for the free version it's too much,Positive,4,2026-07-06 21:26:15
gorgeous app 🕶️👍,Positive,5,2026-07-06 21:21:26
best music and book subscription I've had!,Positive,5,2026-07-06 21:21:12
"it's really really bad. on my computer, you used to have alot of skips per hour but now you only have 6 per hour.",Negative,1,2026-07-06 21:17:02
"The Feature and High quality of songs in the platform is Amazing, no other music platform can beat this. I love the the app",Positive,5,2026-07-06 21:16:29
ya'll be treating the non premium users like beggars seriously at this point the new restrictions for non premium users are ridiculous,Negative,1,2026-07-06 21:10:39
premium option is not good,Positive,5,2026-07-06 21:10:19
Such a nice app includes all songs completely freeeee,Positive,5,2026-07-06 21:08:30
at one time we have to pay to lessen song which you like.,Negative,2,2026-07-06 21:06:27
"worst app, they are repeatedly forcing me to take their premium , I don't know why but don't use this app it's not worthy of that hype",Negative,1,2026-07-06 21:05:01
I love it But youll have to get premium to replay or don't get adds but it's not as bad as Crunchyroll adds haha,Positive,4,2026-07-06 21:04:37
Variety of timeless music,Positive,5,2026-07-06 21:03:16
very nice and excellent,Positive,5,2026-07-06 21:03:07
"Half the time it doesn't show the audio controls. You have to switch to a new playlist and back before it shows up. And Spotify don't reply to this telling me to contact support, I've updated this review dozens of times with the different bugs you let go to production and your only response is to contact support and they never have fixed an issue for me.",Negative,2,2026-07-06 21:00:16
just make it ad free without any money 💰,Positive,5,2026-07-06 20:57:11
perfect for music just need a subscription,Positive,5,2026-07-06 20:56:50
enjoy the offerings of podcasts and music with premium. the audio book monthly hours should be increased.,Positive,4,2026-07-06 20:55:19
y do u people add premium i don't like that remove it it's trash,Neutral,3,2026-07-06 20:54:31
Spotify playlist be jamming.,Positive,5,2026-07-06 20:54:02
because of song limit,Neutral,3,2026-07-06 20:54:01
"It's really fun for playing music and finding new artists and genres, it's easy to navigate and the ads aren't very excessive for me.",Positive,4,2026-07-06 20:53:29
What is the issue you go from: blondie to marilyn manson then Stacie Q to godsmack. where is your bio rhythms in this? this your DJ? really and I dumb enough to pay for it 😆,Positive,4,2026-07-06 20:53:26
bro agr mene ek song lgaya h to uski hi vibe chlegi pr ads Boht aate h,Positive,5,2026-07-06 20:52:51
a good app l like it,Positive,5,2026-07-06 20:52:20
"I love this place, the only problem I have is ads, but if u have premium it doesn't matter, and every ad only starts when the whole song ur listening is complete highly recommend.",Positive,5,2026-07-06 20:50:48
Love the variety and quality of Spotify's podcasts and audiobooks!!,Positive,5,2026-07-06 20:50:11
👑🎉 badia sound quality 🔊,Positive,5,2026-07-06 20:48:46
"The migration from YouTube Music to Spotify was straightforward. The sound quality appears to be superior, especially considering my varied musical tastes.",Positive,5,2026-07-06 20:48:39
"i wish i could rate this 0 stars it won't stop closing by itself at least during background play, it wasn't this bad before the last 1 or 2 updates, I'm not sure if it will still do it if i stay on the app while listening to music i literally just uninstalled and reinstalled spotify and it closed by itself on the first song i listened to and when i skip a song it skips 2 songs instead of 1. Don't bother responding to this review you can't give me a working solution or fix the problems yourself.",Negative,1,2026-07-06 20:48:30
I should get free premium,Positive,5,2026-07-06 20:42:52
"The only app I use for my music and I have so many playlists of my favourite songs. I love it so much. I don't have premium, so I do get ads, but I guess it's worth it for the services it gives, and I dont get them that often anyway. I will sometime get a premium in the future though xx",Positive,5,2026-07-06 20:40:16
"this app is very good to listen song as I am a kpop fan of BTS so l stream on this app it's very smooth to use, but ads comes in while listening but I don't have any problem with it, because I have patience 😅 Love SPOTIFY 🫶💫✨️💜🌸..........................",Positive,5,2026-07-06 20:40:09
very good spotify,Positive,5,2026-07-06 20:39:40
"It sucks to have the new wierd method to play a certain song, I have to continuously go through a bunch of music whenever I try to play a certain song in a certain album and single.",Positive,4,2026-07-06 20:38:39
"great sound, like the listen offline option so my wife listens as well to her music at sametime.",Positive,4,2026-07-06 20:38:30
I contins ads Very much,Positive,4,2026-07-06 20:38:28
It's good but want more features,Positive,4,2026-07-06 20:35:24
Great music source,Positive,5,2026-07-06 20:33:10
I think Spotify is way better than any other music platform and it's not confusing to be overload like play a song next to edit to the queue like YouTube music,Positive,5,2026-07-06 20:31:23
best app for songs,Positive,5,2026-07-06 20:29:51
"so frustrating, after every song I get FIVE ADS? I have to waste like 2 minutes on ads. and ik damn well all that ad money isn't going to artist. only 6 skips per hour, I can only choose my song like 6 times before it plays random songs, when I play my playlist it plays random songs that aren't even in my playlist.",Negative,1,2026-07-06 20:29:47
beat app for song,Positive,5,2026-07-06 20:26:17
Amazing app with a great and almost all collection of music I need...,Positive,5,2026-07-06 20:21:23
"Spotify premium is worth the money we pay for it , the free version is absolutely trash wouldn't let you skip , play the song you want etc ,",Positive,4,2026-07-06 20:21:20
spotyfaikata e mnogo qka,Positive,5,2026-07-06 20:21:11
Well for this app this have all the Communion After Dark Artists and Topics that I've always been listening to all my life an also have founded some of them brilliant an fantastic also. I've course also used google also to find out where those Artists/Topics come from an also find it impressive and very interesting an however have names an thats music for ya an me well I loved music all types . From Communion After Dark an others as I already have a playlist that I created,Positive,5,2026-07-06 20:19:11
very intresting app,Positive,5,2026-07-06 20:19:07
when ever i am putting in my earbuds music starts playing i am fed up of it app is closed still music is playing,Negative,2,2026-07-06 20:16:34
lots of ads unless you buy the premium version,Neutral,3,2026-07-06 20:16:20
It's so good very nice!!!,Positive,5,2026-07-06 20:14:04
👍 Huge music collection 👍 Easy playlist creation 👍 Good sound quality 👎 Ads in free version 👎 Some songs need premium 👉 Overall: Best app for music lovers 🎧,Positive,5,2026-07-06 20:12:56
spotify please don't ask me for and for everyone,Negative,1,2026-07-06 20:08:39
app that allows me to stream every music in my head,Positive,5,2026-07-06 20:08:07
loading is ultra slow,Positive,4,2026-07-06 20:08:04
get me through my day 🥰,Positive,5,2026-07-06 20:06:26
I signed up for the 3 months free and was still charged!,Negative,1,2026-07-06 20:04:20
I so much love this app,Positive,5,2026-07-06 20:02:26
"if you don't have premium you will get like thousand ads, can't download, and after a while can't even choose the songs you want to listen, cant like replay or hear it from a specific part. you just basically have 0 control over the songs you listen they practically beg you to take premium and only shutting the app down is left if you don't want premium",Negative,1,2026-07-06 20:01:04
Nice song kamariya par kata roushan rohi,Positive,5,2026-07-06 20:00:41
listen Quality is so good lyrics are accurate i love this app❤️,Positive,5,2026-07-06 19:59:54
best music platform 🫪🤞,Positive,5,2026-07-06 19:59:35
at first I got so many songs in a row without an ad and I got a pic but now I only get one song per ad,Neutral,3,2026-07-06 19:58:53
Please fix the new broken widget! It does not work.,Negative,2,2026-07-06 19:58:30
lesan always music,Positive,5,2026-07-06 19:57:35
nice way 👌 to listen your favorite song,Positive,5,2026-07-06 19:53:34
"every time the app functions properly for more than 2 weeks, they throw out a new update that completely breaks it down. Since last week's Android update the app is slow, lagging and switching tracks at random. the widgets also don't work properly. revert or fix!",Negative,2,2026-07-06 19:51:13
"The constant premium ads after almost every song are becoming very frustrating. They interrupt the music experience and completely ruin the mood and flow of listening. I understand promoting Spotify Premium, but showing ads this frequently makes the app uncomfortable to use. Please consider reducing the frequency of these subscription ads so users can enjoy their music without constant interruptions.",Negative,1,2026-07-06 19:50:50
its so good to use no lag,Positive,5,2026-07-06 19:50:34
"the sound is unique, but the bass is low. increase it👍🏽",Positive,5,2026-07-06 19:45:29
Jisa so nice to listen the 🎵 🎶,Positive,5,2026-07-06 19:42:31
always this ads disturb us to hear,Positive,4,2026-07-06 19:36:23
absolute garbage yall getting way too greedy now,Negative,2,2026-07-06 19:30:51
Constantly crashing and we pay for duo,Negative,1,2026-07-06 19:30:14
spotify Apss nice and music 🎵,Positive,5,2026-07-06 19:29:18
the best platform to listen to hot music,Positive,5,2026-07-06 19:28:04
the best of all the rest.,Positive,5,2026-07-06 19:24:40
"only app I'll ever use for music, BUT the cost is ridiculous for just music and podcasts. I don't even listen to podcasts or listen to books, yet I'm paying close to 13-14$ a month for just a music service. worst part is they underpay their artists, so why is the cost so high? do better Spotify.",Negative,2,2026-07-06 19:24:29
very nice songs,Positive,5,2026-07-06 19:21:09
only push ads and primium subscribetion I was feeling very bad,Negative,1,2026-07-06 19:21:09
"i have already download, but came very ad.",Neutral,3,2026-07-06 19:19:05
four star i give because ads will come that's why,Positive,4,2026-07-06 19:15:53
very good 😊 i like it,Positive,5,2026-07-06 19:13:08
