"id","source","date_or_period","author_or_role","summary_paraphrased","theme_tag","sentiment","upvotes","source_url"
"29","Reddit r/Music","3mo ago (OP)","OP - CashMany9011","OP describes Spotify working well at first but eventually defaulting to safer, taste-reinforcing variations rather than real discovery; says it feels more like reinforcement than discovery. Has shifted to less efficient but more rewarding methods: Bandcamp rabbit holes, small labels, and friend/community recommendations.","recap_not_discovery","negative","478","reddit_thread_music_subreddit"
"30","Reddit r/Music","3mo ago","pinkjellobrain","Argues users must actively explore on their own or Spotify will keep assuming repeat preferences; places responsibility partly on user behavior rather than the algorithm alone.","user_responsibility_framing","neutral","248","reddit_thread_music_subreddit"
"31","Reddit r/Music","3mo ago","Buzzard1022","Reports a roughly 1000-song main playlist but says Spotify shuffle keeps repeating the same 50-60 songs constantly, calling it frustrating; asks if anything can be done.","repetition","negative","113","reddit_thread_music_subreddit"
"32","Reddit r/Music","3mo ago","yummypaint / bentheredidthat","Recommend switching to Qobuz, citing human-curated recommendations (vs. algorithmic) and higher artist payouts as reasons it's better for discovery.","competitor_recommendation","negative","16","reddit_thread_music_subreddit"
"33","Reddit r/Music","3mo ago","Friggin_Grease","States Spotify's shuffle function has been poor for a long time and the company has not fixed it.","shuffle_quality","negative","25","reddit_thread_music_subreddit"
"34","Reddit r/Music","3mo ago","Korumry","Suggests a manual workaround: skip familiar liked songs more often to push toward deeper, less mainstream cuts, and actively engage with new suggestions rather than promoted content.","manual_workaround","neutral","19","reddit_thread_music_subreddit"
"35","Reddit r/Music","3mo ago","eatrepeat","Long reflective comment arguing music discovery has always required effort (citing pre-streaming era radio/local scenes); positions digital recommendation systems as inherently less magical than human-to-human discovery.","discovery_philosophy","neutral","4","reddit_thread_music_subreddit"
"36","Reddit r/Music","3mo ago","crippledmark / _TorpedoVegas_","Claims Spotify prioritizes replaying locally cached/downloaded files to reduce server load, causing perceived repetition; recommends clearing app cache to get more genuine shuffling.","technical_cause_hypothesis","neutral","4","reddit_thread_music_subreddit"
"37","Reddit r/Music","3mo ago","anewman513","Suggests splitting a large playlist into genre-specific sub-playlists and manually rotating between them, or isolating overplayed songs into a rarely-played list to retrain the algorithm over time.","manual_workaround","neutral","4","reddit_thread_music_subreddit"
"38","Reddit r/Music","3mo ago","Infamous-Try-7883","Describes creating deliberately randomized 'burner' playlists specifically to confuse or retrain the recommendation algorithm.","manual_workaround","neutral","6","reddit_thread_music_subreddit"
"39","Reddit r/Music","3mo ago","visiblepeer","Notes their year-end wrap-up shows roughly double the unique-artist count of friends, yet Spotify still narrows suggestions to about five niche genres, suggesting the algorithm under-represents actual listening diversity.","algorithm_underrepresents_diversity","negative","10","reddit_thread_music_subreddit"
"40","Reddit r/Music","3mo ago","lellololes","Argues users cannot rely solely on the algorithm since doing so creates a self-reinforcing loop; says new discovery must originate from the user's own active search, with the algorithm only branching out from there.","filter_bubble","neutral","56","reddit_thread_music_subreddit"
"41","Reddit r/Music","3mo ago","nicholt","Describes autoplay-after-playlist behavior as circular: it plays generically popular adjacent songs (e.g., Fleetwood Mac, Neil Young after classic rock) and then treats those plays as a genuine preference signal, reinforcing the same loop. Suggests a 'deep cuts' autoplay option that excludes top hits.","algorithm_overfitting","negative","54","reddit_thread_music_subreddit"
"42","Reddit r/Music","3mo ago","TheGuyThatThisIs","Reports trying to find shoegaze-adjacent music but the app keeps surfacing the same roughly 10 well-known tracks regardless, despite never having sought those out directly.","algorithm_overfitting","negative","4","reddit_thread_music_subreddit"
"43","Reddit r/Music","3mo ago","vyvexthorne","Describes avoiding Spotify's own radio/smart shuffle entirely in favor of manually exploring 'fans also like' links and external curated sources like Audiotree, Tiny Desk, and KEXP video sessions.","external_discovery_method","neutral","14","reddit_thread_music_subreddit"
"44","Reddit r/Music","3mo ago","Jay3000X","Complains that despite exclusively listening to metal and hard rock, the app kept surfacing an unrelated mainstream pop artist (Drake) and concert promotions.","algorithm_inaccuracy","negative","11","reddit_thread_music_subreddit"
"45","Reddit r/Music","3mo ago","OriginalDaddy","Relays a secondhand claim that Spotify intentionally reduces new-music exposure for older listeners based on internal engagement research; expresses skepticism about the claim but describes switching most listening to Radiooooo, NTS, Deezer, and physical records, citing concern about the platform's broader effect on the music industry and listening enjoyment.","platform_distrust","negative","27","reddit_thread_music_subreddit"
"46","Reddit r/Music","3mo ago","Sonzscotlandz","Recommends BBC Radio 6 as an external source for new-music discovery.","external_discovery_method","neutral","8","reddit_thread_music_subreddit"
"47","Reddit r/Music","3mo ago","visiblepeer","Shares a personally curated long-form playlist (122 hours) as an alternative discovery resource outside the algorithm.","external_discovery_method","neutral","3","reddit_thread_music_subreddit"
"48","Reddit r/Music","3mo ago","labelm8","Recommends a third-party tool (ListenByLabel) that surfaces new releases by record label as an alternative to algorithmic discovery.","external_discovery_method","neutral","6","reddit_thread_music_subreddit"
"49","Reddit r/Music","3mo ago","ExpressSeesaw","Disagrees with the premise; reports discovering substantial new music recently, though notes the app could do more to surface music outside a listener's already-established genres.","algorithm_satisfaction_positive","positive","5","reddit_thread_music_subreddit"
"50","Reddit r/Music","3mo ago","xPyright","Reports above-average success finding new music via Spotify suggestions in the past month, attributing it to having broad music interests and knowing how to prompt better suggestions from the app.","algorithm_satisfaction_positive","positive","5","reddit_thread_music_subreddit"
"51","Reddit r/Music","3mo ago","idontwantanamern","Describes an active personal system: maintaining a monthly new-discoveries playlist, deliberately following newly found artists to influence Release Radar, and leveraging global/similar-artist playlists to shape recommendations.","manual_workaround","positive","3","reddit_thread_music_subreddit"
"52","Reddit r/Music","3mo ago","Parabola605","Disagrees with the premise; reports finding new music through the platform regularly.","algorithm_satisfaction_positive","positive","5","reddit_thread_music_subreddit"
"53","Reddit r/Music","3mo ago","VoightofReason","States Discover Weekly is refreshed every week and roughly half the artists are typically unfamiliar to them, suggesting the feature performs as intended for at least some users.","algorithm_satisfaction_positive","positive","9","reddit_thread_music_subreddit"
"54","Reddit r/Music","3mo ago","Deadbreeze","Describes a manual chaining technique: play an artist's full album, let autoplay continue into adjacent artists, then repeat the process from a newly discovered artist to progressively branch outward into more novel territory.","manual_workaround","neutral","4","reddit_thread_music_subreddit"
"55","Reddit r/Music","3mo ago","Sumeriandawn","Reports that cross-referencing with Last.fm shows over 10,000 distinct artists listened to since 2021 via Spotify, used as evidence of substantial actual discovery breadth.","algorithm_satisfaction_positive","positive","4","reddit_thread_music_subreddit"
"56","Reddit r/Music","3mo ago","Simbakim","Criticizes the autoplay-continuation feature (playing similar songs after a playlist ends) as unwanted; notes it can be disabled.","product_gap_control","negative","4","reddit_thread_music_subreddit"
"57","Reddit r/Music","3mo ago","porican","Offers a reflective comment that intentional engagement with music yields more fulfillment than passive algorithmic feeding, framing the OP's shift to manual discovery positively.","discovery_philosophy","positive","7","reddit_thread_music_subreddit"
"58","Reddit r/Music","3mo ago","marcdelay","Describes using genre playlists, editorial playlists, and 'related'/'appears on' links to manually find new music, alongside checking the subreddit itself for recommendations.","manual_workaround","neutral","3","reddit_thread_music_subreddit"
"59","Reddit r/Music","3mo ago","__sonder__","Recommends Gnoosic, a third-party recommendation tool, citing more unique results than other sources.","external_discovery_method","positive","3","reddit_thread_music_subreddit"
"60","Reddit r/Music","3mo ago","HipsterImpostor","Avoids algorithmic discovery playlists entirely in favor of self-built mood/aesthetic playlists, reporting consistent discovery of new-to-them music through that method.","manual_workaround","positive","3","reddit_thread_music_subreddit"
"61","Reddit r/Music","3mo ago","beachhunt","Describes previously cross-using Pandora for discovery and manually transferring finds to Spotify for on-demand listening, but stopped due to the added effort required.","competitor_recommendation","neutral","3","reddit_thread_music_subreddit"
"62","Reddit r/Music","3mo ago","Bronsonator","Reports Apple Music recommendations are noticeably better, despite generally preferring Spotify overall; cites a specific complaint that the DJ feature sometimes immediately replays the just-finished song.","competitor_recommendation","negative","3","reddit_thread_music_subreddit"
"63","Reddit r/Music","3mo ago","fonetik","Says the recommendation framing has shifted over time from genuinely similar new songs toward promoted/sponsored-feeling suggestions; describes a manual cross-platform workaround using Apple Music's autoplay to find new artists.","platform_distrust","negative","3","reddit_thread_music_subreddit"
"64","Reddit r/Music","3mo ago","SGTStash","Expresses uncertainty about whether 'new music' surfaced by the app is AI-generated, leading them to skip unfamiliar tracks defensively while driving.","ai_content_trust_concern","negative","3","reddit_thread_music_subreddit"
"65","Reddit r/Music","3mo ago","Flannelcommand","Describes a personal yearly ritual of crowdsourcing song recommendations from acquaintances, compiling them into a large playlist, and following up on standout tracks as a discovery method outside the app.","external_discovery_method","neutral","3","reddit_thread_music_subreddit"
"66","Reddit r/Music","3mo ago","Beastre","States dissatisfaction is approaching a cancellation threshold specifically due to AI-generated music appearing unprompted in personal playlists.","ai_content_trust_concern","negative","15","reddit_thread_music_subreddit"
"67","Reddit r/Music","3mo ago","IceCream_EmperorXx","Argues users should never have depended on an algorithm for discovery in the first place, placing the responsibility for discovery primarily on the listener.","user_responsibility_framing","neutral","7","reddit_thread_music_subreddit"
"68","Reddit r/Music","3mo ago","robbeing","States Apple Music recommendations have produced noticeably better results for them than Spotify's.","competitor_recommendation","negative","8","reddit_thread_music_subreddit"
"69","Reddit r/Music","3mo ago","Cruxwright","Reports their most-played track in an annual recap was a song inserted repeatedly into unrelated playlists despite not being a personal favorite, illustrating algorithmic over-insertion; recommends deliberately listening to unrelated genres for a few days to break the pattern.","algorithm_overfitting","negative","4","reddit_thread_music_subreddit"
"70","Reddit r/Music","3mo ago","_corn","Argues it is not commercially in the platform's interest to surface unfamiliar content that risks reduced engagement; reports the homepage has also stopped surfacing new releases for them, and that Discover Weekly specifically stopped working well once it learned their taste. Finds new music instead via Reddit, Twitter, and friends.","business_incentive_misalignment","negative","2","reddit_thread_music_subreddit"
"71","Reddit r/Music","3mo ago","hikam1","Recommends using Shazam to identify songs encountered elsewhere and adding them to playlists as a discovery method.","external_discovery_method","neutral","2","reddit_thread_music_subreddit"
"72","Reddit r/Music","3mo ago","Katieb128","Reports the app continued surfacing a specific artist after repeated negative feedback signals, undermining trust in the feedback mechanism; prefers browsing other users' playlists for discovery instead.","algorithm_unresponsive","negative","2","reddit_thread_music_subreddit"
"73","Reddit r/Music","3mo ago","Warm-Seesaw9836","Suggests seeking out artist-specific playlists and using influential artists' radio stations as a manual discovery strategy rather than relying on default algorithmic surfaces.","manual_workaround","neutral","2","reddit_thread_music_subreddit"
"74","Reddit r/Music","3mo ago","mybutthz","Finds new music through friends and live-venue lineups rather than through the app.","external_discovery_method","neutral","2","reddit_thread_music_subreddit"
"75","Reddit r/Music","3mo ago","puma8471","Says YouTube Music surfaces community playlists more effectively based on a user's own playlists, and that its radio feature has less repetition than Spotify's equivalent.","competitor_recommendation","negative","2","reddit_thread_music_subreddit"
"76","Reddit r/Music","3mo ago","opiza","Reports Apple Music's dedicated discovery playlist gets the most personal playtime and is their primary source of new-music discovery.","competitor_recommendation","positive","2","reddit_thread_music_subreddit"
"77","Reddit r/Music","3mo ago","Randyd718","Describes playing a known album and letting post-album autoplay surface similar new music as their preferred discovery method.","manual_workaround","neutral","2","reddit_thread_music_subreddit"
"78","Reddit r/Music","3mo ago","AlleyHoop","Uses podcasts that cover new album releases as a discovery method; notes the song-radio feature used to work well but feels degraded recently.","algorithm_quality_decline_over_time","negative","2","reddit_thread_music_subreddit"
"79","Reddit r/Music","3mo ago","werther595","Reports their third most-played track of the year (per annual recap) was a song they never actively chose, inserted repeatedly by the app into unrelated playlists.","algorithm_overfitting","negative","2","reddit_thread_music_subreddit"
"80","Reddit r/Music","3mo ago","herb2018","States the AI DJ feature has become noticeably repetitive.","repetition","negative","2","reddit_thread_music_subreddit"
"81","Reddit r/Music","3mo ago","Voluntary_Slob","Recommends manually browsing genre playlists while specifically avoiding Spotify-generated personalized playlists, which they say only resurface already-known material.","manual_workaround","neutral","2","reddit_thread_music_subreddit"
"82","Reddit r/Music","3mo ago","PhabioRants","Expresses nostalgia for the discontinued Google Play Music service, describing it as superior for discovery; says its successor YouTube Music has the same discovery limitations as Spotify.","competitor_recommendation","negative","2","reddit_thread_music_subreddit"
"83","Reddit r/Music","3mo ago","SmartaHari","Describes a hybrid discovery method combining radio + Shazam identification with subsequent exploration on the app, crediting a diverse local radio station for initial exposure.","external_discovery_method","neutral","2","reddit_thread_music_subreddit"
"84","Reddit r/Music","3mo ago","leviathynx","Prefers Apple Music's curated radio shows (genre-specific human-hosted programs) for discovery, citing audio quality and being bundled with a phone plan as added benefits.","competitor_recommendation","positive","2","reddit_thread_music_subreddit"
"85","Reddit r/Music","3mo ago","Hitdomeloads","States they consistently rely on Release Radar for new music.","algorithm_satisfaction_positive","positive","2","reddit_thread_music_subreddit"
"86","Reddit r/Music","3mo ago","Captain_Kuhl","Describes discontinuing use because recommended playlists eventually converged on the same familiar content regardless of active efforts to seek new music, unless one commits heavily to manual discovery.","repetition","negative","2","reddit_thread_music_subreddit"
"87","Reddit r/Music","3mo ago","CoolWarburg","Describes building a personal automated workflow that monitors specific small labels/artists and queues new releases for manual review, bypassing the platform's algorithm entirely while keeping a human curation step.","manual_workaround","neutral","2","reddit_thread_music_subreddit"
"88","Reddit r/Music","3mo ago","anewman513","Describes voice-assistant misrecognition errors occasionally serving unrelated tracks, which has inadvertently led to enjoyable new discoveries.","serendipitous_discovery","positive","2","reddit_thread_music_subreddit"
"89","Reddit r/Music","3mo ago","Get-TurnTbl","Agrees with the discovery-stagnation premise, adding that the search experience also feels uninspired.","algorithm_inaccuracy","negative","2","reddit_thread_music_subreddit"
"90","Reddit r/Music","3mo ago","BarrettLM","Affirms finding new music primarily outside the app while actively working against the recommendation algorithm.","filter_bubble","negative","2","reddit_thread_music_subreddit"
"91","Reddit r/Music","3mo ago","CHERNO-B1LL","Notes that a personalization opt-out setting exists in the app.","product_gap_control","neutral","2","reddit_thread_music_subreddit"
"92","Reddit r/Music","3mo ago","scrodytheroadie","Says the algorithm mostly resurfaces songs already present on other personal playlists rather than genuinely new material, including during shuffle on a long playlist that still loops a small subset of songs repeatedly.","repetition","negative","2","reddit_thread_music_subreddit"
"93","Reddit r/Music","3mo ago","donotgotoroom237","Reports radio/mix features were strong a few years ago but began collapsing into repeats of frequently played songs around 2023; says manually browsing other users' playlists is now the only effective workaround found.","algorithm_quality_decline_over_time","negative","1","reddit_thread_music_subreddit"
"94","Reddit r/Music","3mo ago","jacknb66","Shares a third-party website for searching existing user playlists by song or artist as a discovery aid.","external_discovery_method","neutral","1","reddit_thread_music_subreddit"
"95","Reddit r/Music","3mo ago","Alternative-Pear9096","Claims a recent shift from traditional algorithmic methods to AI-driven recommendation has noticeably reduced quality, paralleling similar complaints about AI adoption in other digital products.","ai_content_trust_concern","negative","1","reddit_thread_music_subreddit"
"96","Reddit r/Music","3mo ago","Aakash_Jena","Argues the algorithm is optimized for engagement and predictability rather than genuine discovery, since comfort keeps users listening longer; reports better results finding new music through Reddit community posts.","business_incentive_misalignment","negative","1","reddit_thread_music_subreddit"
"97","Reddit r/Music","3mo ago","fedexyourheadinabox","Frames the broader pattern as 'enshittification' -- platforms increasingly optimizing for metrics/shareholders over genuine user value over time.","business_incentive_misalignment","negative","1","reddit_thread_music_subreddit"
"98","Reddit r/Music","3mo ago","fn0000rd","Complains the app limits how many tracks it surfaces from artists a user clearly favors, even when those artists have full back catalogs, rather than surfacing deeper cuts from already-loved artists.","algorithm_overfitting","negative","1","reddit_thread_music_subreddit"
"99","Reddit r/Music","3mo ago","celerite","Strongly advocates abandoning streaming entirely in favor of Bandcamp, physical media, and supporting local/independent artists directly, framing major streaming platforms as structurally harmful to artists and music culture.","platform_distrust","negative","2","reddit_thread_music_subreddit"
"100","Reddit r/Music","3mo ago","sun4moon","States near-readiness to cancel subscription, with car integration compatibility as the only remaining deterrent.","churn_intent","negative","0","reddit_thread_music_subreddit"
